seed,n,m,k,negative_fraction,queries,repeat,order,method,ns_per_query,returned_positive,expected_exact_positive,backend_lookups
1,2000,20000,1,0,20000,0,0,bloom,3.8833,20000,20000,0
1,2000,20000,1,0,20000,0,1,filtered_set,19.2042,20000,20000,20000
1,2000,20000,1,0,20000,0,2,set,15.4833,20000,20000,20000
1,2000,20000,1,0,20000,1,0,set,14.9625,20000,20000,20000
1,2000,20000,1,0,20000,1,1,filtered_set,19.1375,20000,20000,20000
1,2000,20000,1,0,20000,1,2,bloom,3.675,20000,20000,0
1,2000,20000,1,0,20000,2,0,bloom,3.83125,20000,20000,0
1,2000,20000,1,0,20000,2,1,set,14.90625,20000,20000,20000
1,2000,20000,1,0,20000,2,2,filtered_set,18.55625,20000,20000,20000
1,2000,20000,1,0.5,20000,0,0,set,39.4021,10000,10000,20000
1,2000,20000,1,0.5,20000,0,1,filtered_set,48.3146,10000,10000,10942
1,2000,20000,1,0.5,20000,0,2,bloom,36.9896,10942,10000,0
1,2000,20000,1,0.5,20000,1,0,bloom,25.15205,10942,10000,0
1,2000,20000,1,0.5,20000,1,1,set,93.7,10000,10000,20000
1,2000,20000,1,0.5,20000,1,2,filtered_set,70.2083,10000,10000,10942
1,2000,20000,1,0.5,20000,2,0,bloom,18.45625,10942,10000,0
1,2000,20000,1,0.5,20000,2,1,filtered_set,34.08125,10000,10000,10942
1,2000,20000,1,0.5,20000,2,2,set,43.7729,10000,10000,20000
1,2000,20000,1,0.9,20000,0,0,set,25.0021,2000,2000,20000
1,2000,20000,1,0.9,20000,0,1,bloom,9.85,3701,2000,0
1,2000,20000,1,0.9,20000,0,2,filtered_set,15.94375,2000,2000,3701
1,2000,20000,1,0.9,20000,1,0,set,29.3104,2000,2000,20000
1,2000,20000,1,0.9,20000,1,1,filtered_set,16.30415,2000,2000,3701
1,2000,20000,1,0.9,20000,1,2,bloom,9.4271,3701,2000,0
1,2000,20000,1,0.9,20000,2,0,bloom,9.2875,3701,2000,0
1,2000,20000,1,0.9,20000,2,1,set,24.8521,2000,2000,20000
1,2000,20000,1,0.9,20000,2,2,filtered_set,16.0021,2000,2000,3701
1,2000,20000,1,1,20000,0,0,bloom,6.39585,1905,0,0
1,2000,20000,1,1,20000,0,1,set,23.42295,0,0,20000
1,2000,20000,1,1,20000,0,2,filtered_set,9.17085,0,0,1905
1,2000,20000,1,1,20000,1,0,set,22.7,0,0,20000
1,2000,20000,1,1,20000,1,1,filtered_set,8.46875,0,0,1905
1,2000,20000,1,1,20000,1,2,bloom,6.25,1905,0,0
1,2000,20000,1,1,20000,2,0,bloom,6.3375,1905,0,0
1,2000,20000,1,1,20000,2,1,filtered_set,8.4,0,0,1905
1,2000,20000,1,1,20000,2,2,set,22.91455,0,0,20000
1,2000,20000,3,0,20000,0,0,bloom,10.27915,20000,20000,0
1,2000,20000,3,0,20000,0,1,filtered_set,27.87705,20000,20000,20000
1,2000,20000,3,0,20000,0,2,set,15.9104,20000,20000,20000
1,2000,20000,3,0,20000,1,0,set,14.9583,20000,20000,20000
1,2000,20000,3,0,20000,1,1,filtered_set,25.60205,20000,20000,20000
1,2000,20000,3,0,20000,1,2,bloom,10.45625,20000,20000,0
1,2000,20000,3,0,20000,2,0,bloom,10.41665,20000,20000,0
1,2000,20000,3,0,20000,2,1,set,14.6625,20000,20000,20000
1,2000,20000,3,0,20000,2,2,filtered_set,25.0917,20000,20000,20000
1,2000,20000,3,0.5,20000,0,0,set,27.99375,10000,10000,20000
1,2000,20000,3,0.5,20000,0,1,filtered_set,33.01665,10000,10000,10141
1,2000,20000,3,0.5,20000,0,2,bloom,23.9521,10141,10000,0
1,2000,20000,3,0.5,20000,1,0,bloom,23.39375,10141,10000,0
1,2000,20000,3,0.5,20000,1,1,set,30.025,10000,10000,20000
1,2000,20000,3,0.5,20000,1,2,filtered_set,31.7375,10000,10000,10141
1,2000,20000,3,0.5,20000,2,0,bloom,22.2917,10141,10000,0
1,2000,20000,3,0.5,20000,2,1,filtered_set,31.13545,10000,10000,10141
1,2000,20000,3,0.5,20000,2,2,set,26.7833,10000,10000,20000
1,2000,20000,3,0.9,20000,0,0,set,24.38125,2000,2000,20000
1,2000,20000,3,0.9,20000,0,1,bloom,30.1271,2281,2000,0
1,2000,20000,3,0.9,20000,0,2,filtered_set,43.2229,2000,2000,2281
1,2000,20000,3,0.9,20000,1,0,set,79.47085,2000,2000,20000
1,2000,20000,3,0.9,20000,1,1,filtered_set,45.63545,2000,2000,2281
1,2000,20000,3,0.9,20000,1,2,bloom,40.3604,2281,2000,0
1,2000,20000,3,0.9,20000,2,0,bloom,46.18955,2281,2000,0
1,2000,20000,3,0.9,20000,2,1,set,45.67705,2000,2000,20000
1,2000,20000,3,0.9,20000,2,2,filtered_set,43.1229,2000,2000,2281
1,2000,20000,3,1,20000,0,0,bloom,15.56455,320,0,0
1,2000,20000,3,1,20000,0,1,set,30.3271,0,0,20000
1,2000,20000,3,1,20000,0,2,filtered_set,17.50835,0,0,320
1,2000,20000,3,1,20000,1,0,set,23.55,0,0,20000
1,2000,20000,3,1,20000,1,1,filtered_set,16.65625,0,0,320
1,2000,20000,3,1,20000,1,2,bloom,16.13125,320,0,0
1,2000,20000,3,1,20000,2,0,bloom,15.35205,320,0,0
1,2000,20000,3,1,20000,2,1,filtered_set,16.0479,0,0,320
1,2000,20000,3,1,20000,2,2,set,22.7354,0,0,20000
1,2000,20000,7,0,20000,0,0,bloom,24.35835,20000,20000,0
1,2000,20000,7,0,20000,0,1,filtered_set,38.7771,20000,20000,20000
1,2000,20000,7,0,20000,0,2,set,15.0625,20000,20000,20000
1,2000,20000,7,0,20000,1,0,set,15.59375,20000,20000,20000
1,2000,20000,7,0,20000,1,1,filtered_set,43.75,20000,20000,20000
1,2000,20000,7,0,20000,1,2,bloom,23.65625,20000,20000,0
1,2000,20000,7,0,20000,2,0,bloom,24.2479,20000,20000,0
1,2000,20000,7,0,20000,2,1,set,14.9875,20000,20000,20000
1,2000,20000,7,0,20000,2,2,filtered_set,38.3479,20000,20000,20000
1,2000,20000,7,0.5,20000,0,0,set,27.4875,10000,10000,20000
1,2000,20000,7,0.5,20000,0,1,filtered_set,39.475,10000,10000,10073
1,2000,20000,7,0.5,20000,0,2,bloom,30.53335,10073,10000,0
1,2000,20000,7,0.5,20000,1,0,bloom,30.38125,10073,10000,0
1,2000,20000,7,0.5,20000,1,1,set,27.28125,10000,10000,20000
1,2000,20000,7,0.5,20000,1,2,filtered_set,39.6333,10000,10000,10073
1,2000,20000,7,0.5,20000,2,0,bloom,30.025,10073,10000,0
1,2000,20000,7,0.5,20000,2,1,filtered_set,39.3833,10000,10000,10073
1,2000,20000,7,0.5,20000,2,2,set,28.91665,10000,10000,20000
1,2000,20000,7,0.9,20000,0,0,set,28.025,2000,2000,20000
1,2000,20000,7,0.9,20000,0,1,bloom,38.6208,2123,2000,0
1,2000,20000,7,0.9,20000,0,2,filtered_set,71.0417,2000,2000,2123
1,2000,20000,7,0.9,20000,1,0,set,34.5146,2000,2000,20000
1,2000,20000,7,0.9,20000,1,1,filtered_set,47.4729,2000,2000,2123
1,2000,20000,7,0.9,20000,1,2,bloom,41.5521,2123,2000,0
1,2000,20000,7,0.9,20000,2,0,bloom,64.54375,2123,2000,0
1,2000,20000,7,0.9,20000,2,1,set,44.82915,2000,2000,20000
1,2000,20000,7,0.9,20000,2,2,filtered_set,48.1375,2000,2000,2123
1,2000,20000,7,1,20000,0,0,bloom,48.20415,135,0,0
1,2000,20000,7,1,20000,0,1,set,23.69165,0,0,20000
1,2000,20000,7,1,20000,0,2,filtered_set,47.78335,0,0,135
1,2000,20000,7,1,20000,1,0,set,31.65625,0,0,20000
1,2000,20000,7,1,20000,1,1,filtered_set,57.9667,0,0,135
1,2000,20000,7,1,20000,1,2,bloom,42.25625,135,0,0
1,2000,20000,7,1,20000,2,0,bloom,39.15415,135,0,0
1,2000,20000,7,1,20000,2,1,filtered_set,41.4,0,0,135
1,2000,20000,7,1,20000,2,2,set,24.6875,0,0,20000
1,2000,20000,11,0,20000,0,0,bloom,49.975,20000,20000,0
1,2000,20000,11,0,20000,0,1,filtered_set,53.84585,20000,20000,20000
1,2000,20000,11,0,20000,0,2,set,15.53125,20000,20000,20000
1,2000,20000,11,0,20000,1,0,set,14.90835,20000,20000,20000
1,2000,20000,11,0,20000,1,1,filtered_set,51.1104,20000,20000,20000
1,2000,20000,11,0,20000,1,2,bloom,38.43335,20000,20000,0
1,2000,20000,11,0,20000,2,0,bloom,38.7229,20000,20000,0
1,2000,20000,11,0,20000,2,1,set,15.2896,20000,20000,20000
1,2000,20000,11,0,20000,2,2,filtered_set,63.4958,20000,20000,20000
1,2000,20000,11,0.5,20000,0,0,set,28.175,10000,10000,20000
1,2000,20000,11,0.5,20000,0,1,filtered_set,47.8979,10000,10000,10118
1,2000,20000,11,0.5,20000,0,2,bloom,38.72085,10118,10000,0
1,2000,20000,11,0.5,20000,1,0,bloom,38.34795,10118,10000,0
1,2000,20000,11,0.5,20000,1,1,set,26.9125,10000,10000,20000
1,2000,20000,11,0.5,20000,1,2,filtered_set,46.99585,10000,10000,10118
1,2000,20000,11,0.5,20000,2,0,bloom,37.6146,10118,10000,0
1,2000,20000,11,0.5,20000,2,1,filtered_set,46.8229,10000,10000,10118
1,2000,20000,11,0.5,20000,2,2,set,26.73125,10000,10000,20000
1,2000,20000,11,0.9,20000,0,0,set,24.30625,2000,2000,20000
1,2000,20000,11,0.9,20000,0,1,bloom,41.79585,2201,2000,0
1,2000,20000,11,0.9,20000,0,2,filtered_set,44.19165,2000,2000,2201
1,2000,20000,11,0.9,20000,1,0,set,23.4333,2000,2000,20000
1,2000,20000,11,0.9,20000,1,1,filtered_set,43.2896,2000,2000,2201
1,2000,20000,11,0.9,20000,1,2,bloom,39.36455,2201,2000,0
1,2000,20000,11,0.9,20000,2,0,bloom,39.6375,2201,2000,0
1,2000,20000,11,0.9,20000,2,1,set,23.23125,2000,2000,20000
1,2000,20000,11,0.9,20000,2,2,filtered_set,43.03125,2000,2000,2201
1,2000,20000,11,1,20000,0,0,bloom,40.92085,225,0,0
1,2000,20000,11,1,20000,0,1,set,22.71665,0,0,20000
1,2000,20000,11,1,20000,0,2,filtered_set,43.1875,0,0,225
1,2000,20000,11,1,20000,1,0,set,22.45,0,0,20000
1,2000,20000,11,1,20000,1,1,filtered_set,42.5,0,0,225
1,2000,20000,11,1,20000,1,2,bloom,40.39585,225,0,0
1,2000,20000,11,1,20000,2,0,bloom,40.5042,225,0,0
1,2000,20000,11,1,20000,2,1,filtered_set,42.25625,0,0,225
1,2000,20000,11,1,20000,2,2,set,22.275,0,0,20000
1,20000,200000,1,0,20000,0,0,bloom,3.66455,20000,20000,0
1,20000,200000,1,0,20000,0,1,set,19.0396,20000,20000,20000
1,20000,200000,1,0,20000,0,2,filtered_set,24.9625,20000,20000,20000
1,20000,200000,1,0,20000,1,0,bloom,3.6021,20000,20000,0
1,20000,200000,1,0,20000,1,1,set,18.8625,20000,20000,20000
1,20000,200000,1,0,20000,1,2,filtered_set,24.30835,20000,20000,20000
1,20000,200000,1,0,20000,2,0,set,18.60835,20000,20000,20000
1,20000,200000,1,0,20000,2,1,bloom,3.77085,20000,20000,0
1,20000,200000,1,0,20000,2,2,filtered_set,24.4896,20000,20000,20000
1,20000,200000,1,0.5,20000,0,0,set,32.68125,10000,10000,20000
1,20000,200000,1,0.5,20000,0,1,filtered_set,33.7479,10000,10000,10906
1,20000,200000,1,0.5,20000,0,2,bloom,17.2542,10906,10000,0
1,20000,200000,1,0.5,20000,1,0,set,32.39795,10000,10000,20000
1,20000,200000,1,0.5,20000,1,1,filtered_set,31.84795,10000,10000,10906
1,20000,200000,1,0.5,20000,1,2,bloom,16.3854,10906,10000,0
1,20000,200000,1,0.5,20000,2,0,bloom,15.8,10906,10000,0
1,20000,200000,1,0.5,20000,2,1,filtered_set,31.22295,10000,10000,10906
1,20000,200000,1,0.5,20000,2,2,set,31.8396,10000,10000,20000
1,20000,200000,1,0.9,20000,0,0,bloom,9.7521,3669,2000,0
1,20000,200000,1,0.9,20000,0,1,filtered_set,17.6458,2000,2000,3669
1,20000,200000,1,0.9,20000,0,2,set,28.63125,2000,2000,20000
1,20000,200000,1,0.9,20000,1,0,set,28.4896,2000,2000,20000
1,20000,200000,1,0.9,20000,1,1,bloom,9.35415,3669,2000,0
1,20000,200000,1,0.9,20000,1,2,filtered_set,16.6521,2000,2000,3669
1,20000,200000,1,0.9,20000,2,0,bloom,9.025,3669,2000,0
1,20000,200000,1,0.9,20000,2,1,set,31.24585,2000,2000,20000
1,20000,200000,1,0.9,20000,2,2,filtered_set,19.2646,2000,2000,3669
1,20000,200000,1,1,20000,0,0,filtered_set,9.60625,0,0,1856
1,20000,200000,1,1,20000,0,1,set,27.14375,0,0,20000
1,20000,200000,1,1,20000,0,2,bloom,6.30625,1856,0,0
1,20000,200000,1,1,20000,1,0,set,26.95415,0,0,20000
1,20000,200000,1,1,20000,1,1,filtered_set,8.88125,0,0,1856
1,20000,200000,1,1,20000,1,2,bloom,6.14165,1856,0,0
1,20000,200000,1,1,20000,2,0,filtered_set,8.4854,0,0,1856
1,20000,200000,1,1,20000,2,1,bloom,6.04375,1856,0,0
1,20000,200000,1,1,20000,2,2,set,26.65,0,0,20000
1,20000,200000,3,0,20000,0,0,bloom,10.2208,20000,20000,0
1,20000,200000,3,0,20000,0,1,set,18.9396,20000,20000,20000
1,20000,200000,3,0,20000,0,2,filtered_set,33.5,20000,20000,20000
1,20000,200000,3,0,20000,1,0,bloom,10.2271,20000,20000,0
1,20000,200000,3,0,20000,1,1,set,18.4542,20000,20000,20000
1,20000,200000,3,0,20000,1,2,filtered_set,33.2729,20000,20000,20000
1,20000,200000,3,0,20000,2,0,set,18.26665,20000,20000,20000
1,20000,200000,3,0,20000,2,1,bloom,10.53125,20000,20000,0
1,20000,200000,3,0,20000,2,2,filtered_set,33.19585,20000,20000,20000
1,20000,200000,3,0.5,20000,0,0,set,32.8729,10000,10000,20000
1,20000,200000,3,0.5,20000,0,1,filtered_set,37.09585,10000,10000,10213
1,20000,200000,3,0.5,20000,0,2,bloom,23.59165,10213,10000,0
1,20000,200000,3,0.5,20000,1,0,set,32.5729,10000,10000,20000
1,20000,200000,3,0.5,20000,1,1,filtered_set,40.3146,10000,10000,10213
1,20000,200000,3,0.5,20000,1,2,bloom,25.42085,10213,10000,0
1,20000,200000,3,0.5,20000,2,0,bloom,22.9375,10213,10000,0
1,20000,200000,3,0.5,20000,2,1,filtered_set,37.4104,10000,10000,10213
1,20000,200000,3,0.5,20000,2,2,set,32.0146,10000,10000,20000
1,20000,200000,3,0.9,20000,0,0,bloom,22.57295,2362,2000,0
1,20000,200000,3,0.9,20000,0,1,filtered_set,27.2208,2000,2000,2362
1,20000,200000,3,0.9,20000,0,2,set,29.1,2000,2000,20000
1,20000,200000,3,0.9,20000,1,0,set,28.84375,2000,2000,20000
1,20000,200000,3,0.9,20000,1,1,bloom,22.4479,2362,2000,0
1,20000,200000,3,0.9,20000,1,2,filtered_set,29.9625,2000,2000,2362
1,20000,200000,3,0.9,20000,2,0,bloom,21.6604,2362,2000,0
1,20000,200000,3,0.9,20000,2,1,set,28.9354,2000,2000,20000
1,20000,200000,3,0.9,20000,2,2,filtered_set,27.16665,2000,2000,2362
1,20000,200000,3,1,20000,0,0,filtered_set,17.14585,0,0,406
1,20000,200000,3,1,20000,0,1,set,27.44375,0,0,20000
1,20000,200000,3,1,20000,0,2,bloom,15.7646,406,0,0
1,20000,200000,3,1,20000,1,0,set,27.01045,0,0,20000
1,20000,200000,3,1,20000,1,1,filtered_set,16.54165,0,0,406
1,20000,200000,3,1,20000,1,2,bloom,15.425,406,0,0
1,20000,200000,3,1,20000,2,0,filtered_set,16.275,0,0,406
1,20000,200000,3,1,20000,2,1,bloom,15.30625,406,0,0
1,20000,200000,3,1,20000,2,2,set,27.89585,0,0,20000
1,20000,200000,7,0,20000,0,0,bloom,23.65415,20000,20000,0
1,20000,200000,7,0,20000,0,1,set,19.1604,20000,20000,20000
1,20000,200000,7,0,20000,0,2,filtered_set,48.11045,20000,20000,20000
1,20000,200000,7,0,20000,1,0,bloom,23.4896,20000,20000,0
1,20000,200000,7,0,20000,1,1,set,18.89585,20000,20000,20000
1,20000,200000,7,0,20000,1,2,filtered_set,47.46665,20000,20000,20000
1,20000,200000,7,0,20000,2,0,set,18.21875,20000,20000,20000
1,20000,200000,7,0,20000,2,1,bloom,23.51665,20000,20000,0
1,20000,200000,7,0,20000,2,2,filtered_set,46.9271,20000,20000,20000
1,20000,200000,7,0.5,20000,0,0,set,32.70835,10000,10000,20000
1,20000,200000,7,0.5,20000,0,1,filtered_set,44.425,10000,10000,10075
1,20000,200000,7,0.5,20000,0,2,bloom,31.0771,10075,10000,0
1,20000,200000,7,0.5,20000,1,0,set,32.25625,10000,10000,20000
1,20000,200000,7,0.5,20000,1,1,filtered_set,42.5354,10000,10000,10075
1,20000,200000,7,0.5,20000,1,2,bloom,30.1625,10075,10000,0
1,20000,200000,7,0.5,20000,2,0,bloom,30.35625,10075,10000,0
1,20000,200000,7,0.5,20000,2,1,filtered_set,52.51665,10000,10000,10075
1,20000,200000,7,0.5,20000,2,2,set,34.63125,10000,10000,20000
1,20000,200000,7,0.9,20000,0,0,bloom,36.09795,2151,2000,0
1,20000,200000,7,0.9,20000,0,1,filtered_set,41.7146,2000,2000,2151
1,20000,200000,7,0.9,20000,0,2,set,28.7375,2000,2000,20000
1,20000,200000,7,0.9,20000,1,0,set,28.37085,2000,2000,20000
1,20000,200000,7,0.9,20000,1,1,bloom,35.15,2151,2000,0
1,20000,200000,7,0.9,20000,1,2,filtered_set,39.96045,2000,2000,2151
1,20000,200000,7,0.9,20000,2,0,bloom,34.9521,2151,2000,0
1,20000,200000,7,0.9,20000,2,1,set,28.5167,2000,2000,20000
1,20000,200000,7,0.9,20000,2,2,filtered_set,39.87085,2000,2000,2151
1,20000,200000,7,1,20000,0,0,filtered_set,38.2271,0,0,169
1,20000,200000,7,1,20000,0,1,set,27.6229,0,0,20000
1,20000,200000,7,1,20000,0,2,bloom,37.6521,169,0,0
1,20000,200000,7,1,20000,1,0,set,29.125,0,0,20000
1,20000,200000,7,1,20000,1,1,filtered_set,40.53125,0,0,169
1,20000,200000,7,1,20000,1,2,bloom,38.3229,169,0,0
1,20000,200000,7,1,20000,2,0,filtered_set,40.47705,0,0,169
1,20000,200000,7,1,20000,2,1,bloom,37.61875,169,0,0
1,20000,200000,7,1,20000,2,2,set,28.8229,0,0,20000
1,20000,200000,11,0,20000,0,0,bloom,37.9604,20000,20000,0
1,20000,200000,11,0,20000,0,1,set,18.67915,20000,20000,20000
1,20000,200000,11,0,20000,0,2,filtered_set,62.7104,20000,20000,20000
1,20000,200000,11,0,20000,1,0,bloom,38.5875,20000,20000,0
1,20000,200000,11,0,20000,1,1,set,19.0979,20000,20000,20000
1,20000,200000,11,0,20000,1,2,filtered_set,62.3125,20000,20000,20000
1,20000,200000,11,0,20000,2,0,set,18.075,20000,20000,20000
1,20000,200000,11,0,20000,2,1,bloom,36.98335,20000,20000,0
1,20000,200000,11,0,20000,2,2,filtered_set,60.65415,20000,20000,20000
1,20000,200000,11,0.5,20000,0,0,set,33.20625,10000,10000,20000
1,20000,200000,11,0.5,20000,0,1,filtered_set,53.30625,10000,10000,10134
1,20000,200000,11,0.5,20000,0,2,bloom,39.21665,10134,10000,0
1,20000,200000,11,0.5,20000,1,0,set,32.74795,10000,10000,20000
1,20000,200000,11,0.5,20000,1,1,filtered_set,51.49375,10000,10000,10134
1,20000,200000,11,0.5,20000,1,2,bloom,38.09375,10134,10000,0
1,20000,200000,11,0.5,20000,2,0,bloom,37.9,10134,10000,0
1,20000,200000,11,0.5,20000,2,1,filtered_set,51.12915,10000,10000,10134
1,20000,200000,11,0.5,20000,2,2,set,32.67085,10000,10000,20000
1,20000,200000,11,0.9,20000,0,0,bloom,39.925,2232,2000,0
1,20000,200000,11,0.9,20000,0,1,filtered_set,45.5875,2000,2000,2232
1,20000,200000,11,0.9,20000,0,2,set,28.54585,2000,2000,20000
1,20000,200000,11,0.9,20000,1,0,set,31.72085,2000,2000,20000
1,20000,200000,11,0.9,20000,1,1,bloom,39.8729,2232,2000,0
1,20000,200000,11,0.9,20000,1,2,filtered_set,44.6479,2000,2000,2232
1,20000,200000,11,0.9,20000,2,0,bloom,39.7646,2232,2000,0
1,20000,200000,11,0.9,20000,2,1,set,28.63545,2000,2000,20000
1,20000,200000,11,0.9,20000,2,2,filtered_set,43.80625,2000,2000,2232
1,20000,200000,11,1,20000,0,0,filtered_set,43.36665,0,0,254
1,20000,200000,11,1,20000,0,1,set,27.66665,0,0,20000
1,20000,200000,11,1,20000,0,2,bloom,40.80625,254,0,0
1,20000,200000,11,1,20000,1,0,set,27.4479,0,0,20000
1,20000,200000,11,1,20000,1,1,filtered_set,41.96045,0,0,254
1,20000,200000,11,1,20000,1,2,bloom,39.5958,254,0,0
1,20000,200000,11,1,20000,2,0,filtered_set,42.28335,0,0,254
1,20000,200000,11,1,20000,2,1,bloom,39.6854,254,0,0
1,20000,200000,11,1,20000,2,2,set,26.4104,0,0,20000
2,2000,20000,1,0,20000,0,0,bloom,3.625,20000,20000,0
2,2000,20000,1,0,20000,0,1,set,16.51045,20000,20000,20000
2,2000,20000,1,0,20000,0,2,filtered_set,18.0708,20000,20000,20000
2,2000,20000,1,0,20000,1,0,set,14.90415,20000,20000,20000
2,2000,20000,1,0,20000,1,1,bloom,3.6125,20000,20000,0
2,2000,20000,1,0,20000,1,2,filtered_set,17.9875,20000,20000,20000
2,2000,20000,1,0,20000,2,0,bloom,3.62915,20000,20000,0
2,2000,20000,1,0,20000,2,1,filtered_set,18.6771,20000,20000,20000
2,2000,20000,1,0,20000,2,2,set,14.69375,20000,20000,20000
2,2000,20000,1,0.5,20000,0,0,filtered_set,28.2979,10000,10000,10901
2,2000,20000,1,0.5,20000,0,1,bloom,17.1625,10901,10000,0
2,2000,20000,1,0.5,20000,0,2,set,28.1646,10000,10000,20000
2,2000,20000,1,0.5,20000,1,0,filtered_set,26.32915,10000,10000,10901
2,2000,20000,1,0.5,20000,1,1,bloom,16.2146,10901,10000,0
2,2000,20000,1,0.5,20000,1,2,set,27.43545,10000,10000,20000
2,2000,20000,1,0.5,20000,2,0,filtered_set,25.9021,10000,10000,10901
2,2000,20000,1,0.5,20000,2,1,set,26.51875,10000,10000,20000
2,2000,20000,1,0.5,20000,2,2,bloom,15.84795,10901,10000,0
2,2000,20000,1,0.9,20000,0,0,filtered_set,15.48335,2000,2000,3609
2,2000,20000,1,0.9,20000,0,1,bloom,9.73125,3609,2000,0
2,2000,20000,1,0.9,20000,0,2,set,24.47915,2000,2000,20000
2,2000,20000,1,0.9,20000,1,0,filtered_set,13.96875,2000,2000,3609
2,2000,20000,1,0.9,20000,1,1,set,24.3458,2000,2000,20000
2,2000,20000,1,0.9,20000,1,2,bloom,9.2625,3609,2000,0
2,2000,20000,1,0.9,20000,2,0,filtered_set,13.8521,2000,2000,3609
2,2000,20000,1,0.9,20000,2,1,bloom,9.0229,3609,2000,0
2,2000,20000,1,0.9,20000,2,2,set,24.29375,2000,2000,20000
2,2000,20000,1,1,20000,0,0,set,23.34795,0,0,20000
2,2000,20000,1,1,20000,0,1,filtered_set,9.37085,0,0,1802
2,2000,20000,1,1,20000,0,2,bloom,6.3875,1802,0,0
2,2000,20000,1,1,20000,1,0,set,24.75415,0,0,20000
2,2000,20000,1,1,20000,1,1,bloom,6.2208,1802,0,0
2,2000,20000,1,1,20000,1,2,filtered_set,8.91665,0,0,1802
2,2000,20000,1,1,20000,2,0,set,23.49165,0,0,20000
2,2000,20000,1,1,20000,2,1,filtered_set,8.50835,0,0,1802
2,2000,20000,1,1,20000,2,2,bloom,6.14585,1802,0,0
2,2000,20000,3,0,20000,0,0,bloom,10.35625,20000,20000,0
2,2000,20000,3,0,20000,0,1,set,14.81665,20000,20000,20000
2,2000,20000,3,0,20000,0,2,filtered_set,24.1271,20000,20000,20000
2,2000,20000,3,0,20000,1,0,set,14.6125,20000,20000,20000
2,2000,20000,3,0,20000,1,1,bloom,10.25415,20000,20000,0
2,2000,20000,3,0,20000,1,2,filtered_set,24.2708,20000,20000,20000
2,2000,20000,3,0,20000,2,0,bloom,10.37915,20000,20000,0
2,2000,20000,3,0,20000,2,1,filtered_set,24.64165,20000,20000,20000
2,2000,20000,3,0,20000,2,2,set,14.53545,20000,20000,20000
2,2000,20000,3,0.5,20000,0,0,filtered_set,31.33125,10000,10000,10182
2,2000,20000,3,0.5,20000,0,1,bloom,22.89165,10182,10000,0
2,2000,20000,3,0.5,20000,0,2,set,27.7229,10000,10000,20000
2,2000,20000,3,0.5,20000,1,0,filtered_set,31.4208,10000,10000,10182
2,2000,20000,3,0.5,20000,1,1,bloom,23.0667,10182,10000,0
2,2000,20000,3,0.5,20000,1,2,set,26.93125,10000,10000,20000
2,2000,20000,3,0.5,20000,2,0,filtered_set,30.69165,10000,10000,10182
2,2000,20000,3,0.5,20000,2,1,set,26.5604,10000,10000,20000
2,2000,20000,3,0.5,20000,2,2,bloom,22.9604,10182,10000,0
2,2000,20000,3,0.9,20000,0,0,filtered_set,31.48955,2000,2000,2338
2,2000,20000,3,0.9,20000,0,1,bloom,25.9979,2338,2000,0
2,2000,20000,3,0.9,20000,0,2,set,25.54795,2000,2000,20000
2,2000,20000,3,0.9,20000,1,0,filtered_set,26.59375,2000,2000,2338
2,2000,20000,3,0.9,20000,1,1,set,24.58125,2000,2000,20000
2,2000,20000,3,0.9,20000,1,2,bloom,23.6375,2338,2000,0
2,2000,20000,3,0.9,20000,2,0,filtered_set,27.15835,2000,2000,2338
2,2000,20000,3,0.9,20000,2,1,bloom,22.11045,2338,2000,0
2,2000,20000,3,0.9,20000,2,2,set,24.6854,2000,2000,20000
2,2000,20000,3,1,20000,0,0,set,23.28125,0,0,20000
2,2000,20000,3,1,20000,0,1,filtered_set,16.7021,0,0,369
2,2000,20000,3,1,20000,0,2,bloom,15.35625,369,0,0
2,2000,20000,3,1,20000,1,0,set,22.70835,0,0,20000
2,2000,20000,3,1,20000,1,1,bloom,15.1583,369,0,0
2,2000,20000,3,1,20000,1,2,filtered_set,16.0021,0,0,369
2,2000,20000,3,1,20000,2,0,set,22.4292,0,0,20000
2,2000,20000,3,1,20000,2,1,filtered_set,15.79585,0,0,369
2,2000,20000,3,1,20000,2,2,bloom,14.48335,369,0,0
2,2000,20000,7,0,20000,0,0,bloom,23.52085,20000,20000,0
2,2000,20000,7,0,20000,0,1,set,15.46665,20000,20000,20000
2,2000,20000,7,0,20000,0,2,filtered_set,37.45,20000,20000,20000
2,2000,20000,7,0,20000,1,0,set,14.98125,20000,20000,20000
2,2000,20000,7,0,20000,1,1,bloom,23.475,20000,20000,0
2,2000,20000,7,0,20000,1,2,filtered_set,37.19375,20000,20000,20000
2,2000,20000,7,0,20000,2,0,bloom,23.54585,20000,20000,0
2,2000,20000,7,0,20000,2,1,filtered_set,37.3604,20000,20000,20000
2,2000,20000,7,0,20000,2,2,set,17.47705,20000,20000,20000
2,2000,20000,7,0.5,20000,0,0,filtered_set,38.31875,10000,10000,10090
2,2000,20000,7,0.5,20000,0,1,bloom,30.4021,10090,10000,0
2,2000,20000,7,0.5,20000,0,2,set,27.075,10000,10000,20000
2,2000,20000,7,0.5,20000,1,0,filtered_set,38.0896,10000,10000,10090
2,2000,20000,7,0.5,20000,1,1,bloom,29.89165,10090,10000,0
2,2000,20000,7,0.5,20000,1,2,set,26.4417,10000,10000,20000
2,2000,20000,7,0.5,20000,2,0,filtered_set,37.6833,10000,10000,10090
2,2000,20000,7,0.5,20000,2,1,set,26.2125,10000,10000,20000
2,2000,20000,7,0.5,20000,2,2,bloom,30.07085,10090,10000,0
2,2000,20000,7,0.9,20000,0,0,filtered_set,39.9958,2000,2000,2150
2,2000,20000,7,0.9,20000,0,1,bloom,35.9979,2150,2000,0
2,2000,20000,7,0.9,20000,0,2,set,24.6083,2000,2000,20000
2,2000,20000,7,0.9,20000,1,0,filtered_set,39.0104,2000,2000,2150
2,2000,20000,7,0.9,20000,1,1,set,24.18545,2000,2000,20000
2,2000,20000,7,0.9,20000,1,2,bloom,35.29375,2150,2000,0
2,2000,20000,7,0.9,20000,2,0,filtered_set,45.9292,2000,2000,2150
2,2000,20000,7,0.9,20000,2,1,bloom,41.4979,2150,2000,0
2,2000,20000,7,0.9,20000,2,2,set,25.91045,2000,2000,20000
2,2000,20000,7,1,20000,0,0,set,22.925,0,0,20000
2,2000,20000,7,1,20000,0,1,filtered_set,39.9333,0,0,170
2,2000,20000,7,1,20000,0,2,bloom,37.56875,170,0,0
2,2000,20000,7,1,20000,1,0,set,23.0958,0,0,20000
2,2000,20000,7,1,20000,1,1,bloom,37.0229,170,0,0
2,2000,20000,7,1,20000,1,2,filtered_set,37.7604,0,0,170
2,2000,20000,7,1,20000,2,0,set,22.6792,0,0,20000
2,2000,20000,7,1,20000,2,1,filtered_set,37.60625,0,0,170
2,2000,20000,7,1,20000,2,2,bloom,37.06665,170,0,0
2,2000,20000,11,0,20000,0,0,bloom,36.8604,20000,20000,0
2,2000,20000,11,0,20000,0,1,set,14.8479,20000,20000,20000
2,2000,20000,11,0,20000,0,2,filtered_set,49.54585,20000,20000,20000
2,2000,20000,11,0,20000,1,0,set,16.2208,20000,20000,20000
2,2000,20000,11,0,20000,1,1,bloom,37.1979,20000,20000,0
2,2000,20000,11,0,20000,1,2,filtered_set,52.5229,20000,20000,20000
2,2000,20000,11,0,20000,2,0,bloom,36.85205,20000,20000,0
2,2000,20000,11,0,20000,2,1,filtered_set,49.93545,20000,20000,20000
2,2000,20000,11,0,20000,2,2,set,15.65835,20000,20000,20000
2,2000,20000,11,0.5,20000,0,0,filtered_set,46.09165,10000,10000,10116
2,2000,20000,11,0.5,20000,0,1,bloom,39.26665,10116,10000,0
2,2000,20000,11,0.5,20000,0,2,set,27.08545,10000,10000,20000
2,2000,20000,11,0.5,20000,1,0,filtered_set,45.79165,10000,10000,10116
2,2000,20000,11,0.5,20000,1,1,bloom,37.8625,10116,10000,0
2,2000,20000,11,0.5,20000,1,2,set,26.8479,10000,10000,20000
2,2000,20000,11,0.5,20000,2,0,filtered_set,47.28125,10000,10000,10116
2,2000,20000,11,0.5,20000,2,1,set,26.96665,10000,10000,20000
2,2000,20000,11,0.5,20000,2,2,bloom,38.51045,10116,10000,0
2,2000,20000,11,0.9,20000,0,0,filtered_set,44.40835,2000,2000,2208
2,2000,20000,11,0.9,20000,0,1,bloom,41.17915,2208,2000,0
2,2000,20000,11,0.9,20000,0,2,set,24.82915,2000,2000,20000
2,2000,20000,11,0.9,20000,1,0,filtered_set,43.1354,2000,2000,2208
2,2000,20000,11,0.9,20000,1,1,set,23.97915,2000,2000,20000
2,2000,20000,11,0.9,20000,1,2,bloom,40.22915,2208,2000,0
2,2000,20000,11,0.9,20000,2,0,filtered_set,43.09375,2000,2000,2208
2,2000,20000,11,0.9,20000,2,1,bloom,39.70625,2208,2000,0
2,2000,20000,11,0.9,20000,2,2,set,23.6104,2000,2000,20000
2,2000,20000,11,1,20000,0,0,set,23.45625,0,0,20000
2,2000,20000,11,1,20000,0,1,filtered_set,43.52085,0,0,222
2,2000,20000,11,1,20000,0,2,bloom,41.27915,222,0,0
2,2000,20000,11,1,20000,1,0,set,23.08335,0,0,20000
2,2000,20000,11,1,20000,1,1,bloom,40.60205,222,0,0
2,2000,20000,11,1,20000,1,2,filtered_set,43.03545,0,0,222
2,2000,20000,11,1,20000,2,0,set,22.94585,0,0,20000
2,2000,20000,11,1,20000,2,1,filtered_set,44.35415,0,0,222
2,2000,20000,11,1,20000,2,2,bloom,42.35,222,0,0
2,20000,200000,1,0,20000,0,0,filtered_set,24.94795,20000,20000,20000
2,20000,200000,1,0,20000,0,1,set,18.5729,20000,20000,20000
2,20000,200000,1,0,20000,0,2,bloom,3.74375,20000,20000,0
2,20000,200000,1,0,20000,1,0,bloom,3.675,20000,20000,0
2,20000,200000,1,0,20000,1,1,filtered_set,24.60835,20000,20000,20000
2,20000,200000,1,0,20000,1,2,set,18.6042,20000,20000,20000
2,20000,200000,1,0,20000,2,0,bloom,3.6771,20000,20000,0
2,20000,200000,1,0,20000,2,1,set,18.2979,20000,20000,20000
2,20000,200000,1,0,20000,2,2,filtered_set,24.3042,20000,20000,20000
2,20000,200000,1,0.5,20000,0,0,set,33.76665,10000,10000,20000
2,20000,200000,1,0.5,20000,0,1,bloom,17.6875,10921,10000,0
2,20000,200000,1,0.5,20000,0,2,filtered_set,33.25835,10000,10000,10921
2,20000,200000,1,0.5,20000,1,0,filtered_set,32.4125,10000,10000,10921
2,20000,200000,1,0.5,20000,1,1,set,32.4,10000,10000,20000
2,20000,200000,1,0.5,20000,1,2,bloom,16.33125,10921,10000,0
2,20000,200000,1,0.5,20000,2,0,set,32.15625,10000,10000,20000
2,20000,200000,1,0.5,20000,2,1,bloom,15.8167,10921,10000,0
2,20000,200000,1,0.5,20000,2,2,filtered_set,30.1625,10000,10000,10921
2,20000,200000,1,0.9,20000,0,0,bloom,11.4521,3650,2000,0
2,20000,200000,1,0.9,20000,0,1,filtered_set,22.06665,2000,2000,3650
2,20000,200000,1,0.9,20000,0,2,set,30.5229,2000,2000,20000
2,20000,200000,1,0.9,20000,1,0,set,30.39585,2000,2000,20000
2,20000,200000,1,0.9,20000,1,1,filtered_set,17.84165,2000,2000,3650
2,20000,200000,1,0.9,20000,1,2,bloom,9.4875,3650,2000,0
2,20000,200000,1,0.9,20000,2,0,filtered_set,17.0979,2000,2000,3650
2,20000,200000,1,0.9,20000,2,1,set,28.45625,2000,2000,20000
2,20000,200000,1,0.9,20000,2,2,bloom,9.94165,3650,2000,0
2,20000,200000,1,1,20000,0,0,bloom,6.2917,1862,0,0
2,20000,200000,1,1,20000,0,1,filtered_set,9.71875,0,0,1862
2,20000,200000,1,1,20000,0,2,set,27.35835,0,0,20000
2,20000,200000,1,1,20000,1,0,bloom,6.13125,1862,0,0
2,20000,200000,1,1,20000,1,1,set,26.74165,0,0,20000
2,20000,200000,1,1,20000,1,2,filtered_set,8.9875,0,0,1862
2,20000,200000,1,1,20000,2,0,set,26.53335,0,0,20000
2,20000,200000,1,1,20000,2,1,filtered_set,8.4229,0,0,1862
2,20000,200000,1,1,20000,2,2,bloom,6.15,1862,0,0
2,20000,200000,3,0,20000,0,0,filtered_set,32.4521,20000,20000,20000
2,20000,200000,3,0,20000,0,1,set,18.4146,20000,20000,20000
2,20000,200000,3,0,20000,0,2,bloom,10.25205,20000,20000,0
2,20000,200000,3,0,20000,1,0,bloom,10.22085,20000,20000,0
2,20000,200000,3,0,20000,1,1,filtered_set,32.13125,20000,20000,20000
2,20000,200000,3,0,20000,1,2,set,18.2771,20000,20000,20000
2,20000,200000,3,0,20000,2,0,bloom,10.1979,20000,20000,0
2,20000,200000,3,0,20000,2,1,set,18.1375,20000,20000,20000
2,20000,200000,3,0,20000,2,2,filtered_set,32.2375,20000,20000,20000
2,20000,200000,3,0.5,20000,0,0,set,34.30835,10000,10000,20000
2,20000,200000,3,0.5,20000,0,1,bloom,22.68955,10175,10000,0
2,20000,200000,3,0.5,20000,0,2,filtered_set,37.66875,10000,10000,10175
2,20000,200000,3,0.5,20000,1,0,filtered_set,35.3167,10000,10000,10175
2,20000,200000,3,0.5,20000,1,1,set,32.9479,10000,10000,20000
2,20000,200000,3,0.5,20000,1,2,bloom,22.3646,10175,10000,0
2,20000,200000,3,0.5,20000,2,0,set,32.35415,10000,10000,20000
2,20000,200000,3,0.5,20000,2,1,bloom,21.88335,10175,10000,0
2,20000,200000,3,0.5,20000,2,2,filtered_set,33.9021,10000,10000,10175
2,20000,200000,3,0.9,20000,0,0,bloom,22.3396,2313,2000,0
2,20000,200000,3,0.9,20000,0,1,filtered_set,27.1021,2000,2000,2313
2,20000,200000,3,0.9,20000,0,2,set,29.05415,2000,2000,20000
2,20000,200000,3,0.9,20000,1,0,set,28.9396,2000,2000,20000
2,20000,200000,3,0.9,20000,1,1,filtered_set,26.95625,2000,2000,2313
2,20000,200000,3,0.9,20000,1,2,bloom,22.7375,2313,2000,0
2,20000,200000,3,0.9,20000,2,0,filtered_set,26.07085,2000,2000,2313
2,20000,200000,3,0.9,20000,2,1,set,29.3146,2000,2000,20000
2,20000,200000,3,0.9,20000,2,2,bloom,21.37705,2313,2000,0
2,20000,200000,3,1,20000,0,0,bloom,15.44795,356,0,0
2,20000,200000,3,1,20000,0,1,filtered_set,16.8229,0,0,356
2,20000,200000,3,1,20000,0,2,set,27.92295,0,0,20000
2,20000,200000,3,1,20000,1,0,bloom,15.125,356,0,0
2,20000,200000,3,1,20000,1,1,set,30.4896,0,0,20000
2,20000,200000,3,1,20000,1,2,filtered_set,22.0958,0,0,356
2,20000,200000,3,1,20000,2,0,set,28.65625,0,0,20000
2,20000,200000,3,1,20000,2,1,filtered_set,16.76875,0,0,356
2,20000,200000,3,1,20000,2,2,bloom,14.93335,356,0,0
2,20000,200000,7,0,20000,0,0,filtered_set,46.88125,20000,20000,20000
2,20000,200000,7,0,20000,0,1,set,18.79585,20000,20000,20000
2,20000,200000,7,0,20000,0,2,bloom,23.6375,20000,20000,0
2,20000,200000,7,0,20000,1,0,bloom,23.5917,20000,20000,0
2,20000,200000,7,0,20000,1,1,filtered_set,48.0396,20000,20000,20000
2,20000,200000,7,0,20000,1,2,set,18.3229,20000,20000,20000
2,20000,200000,7,0,20000,2,0,bloom,23.50625,20000,20000,0
2,20000,200000,7,0,20000,2,1,set,18.1292,20000,20000,20000
2,20000,200000,7,0,20000,2,2,filtered_set,47.24375,20000,20000,20000
2,20000,200000,7,0.5,20000,0,0,set,33.74795,10000,10000,20000
2,20000,200000,7,0.5,20000,0,1,bloom,30.7854,10079,10000,0
2,20000,200000,7,0.5,20000,0,2,filtered_set,45.4,10000,10000,10079
2,20000,200000,7,0.5,20000,1,0,filtered_set,48.81665,10000,10000,10079
2,20000,200000,7,0.5,20000,1,1,set,33.72915,10000,10000,20000
2,20000,200000,7,0.5,20000,1,2,bloom,31.8,10079,10000,0
2,20000,200000,7,0.5,20000,2,0,set,34.2458,10000,10000,20000
2,20000,200000,7,0.5,20000,2,1,bloom,31.50835,10079,10000,0
2,20000,200000,7,0.5,20000,2,2,filtered_set,45.6833,10000,10000,10079
2,20000,200000,7,0.9,20000,0,0,bloom,36.26665,2141,2000,0
2,20000,200000,7,0.9,20000,0,1,filtered_set,41.33335,2000,2000,2141
2,20000,200000,7,0.9,20000,0,2,set,29.73125,2000,2000,20000
2,20000,200000,7,0.9,20000,1,0,set,29.13955,2000,2000,20000
2,20000,200000,7,0.9,20000,1,1,filtered_set,39.75625,2000,2000,2141
2,20000,200000,7,0.9,20000,1,2,bloom,35.4875,2141,2000,0
2,20000,200000,7,0.9,20000,2,0,filtered_set,39.74585,2000,2000,2141
2,20000,200000,7,0.9,20000,2,1,set,29.40415,2000,2000,20000
2,20000,200000,7,0.9,20000,2,2,bloom,35.4396,2141,2000,0
2,20000,200000,7,1,20000,0,0,bloom,39.2521,162,0,0
2,20000,200000,7,1,20000,0,1,filtered_set,40.00625,0,0,162
2,20000,200000,7,1,20000,0,2,set,29.65835,0,0,20000
2,20000,200000,7,1,20000,1,0,bloom,37.41875,162,0,0
2,20000,200000,7,1,20000,1,1,set,27.3104,0,0,20000
2,20000,200000,7,1,20000,1,2,filtered_set,37.98125,0,0,162
2,20000,200000,7,1,20000,2,0,set,27.1833,0,0,20000
2,20000,200000,7,1,20000,2,1,filtered_set,37.475,0,0,162
2,20000,200000,7,1,20000,2,2,bloom,37.71875,162,0,0
2,20000,200000,11,0,20000,0,0,filtered_set,61.7646,20000,20000,20000
2,20000,200000,11,0,20000,0,1,set,19.04585,20000,20000,20000
2,20000,200000,11,0,20000,0,2,bloom,36.96045,20000,20000,0
2,20000,200000,11,0,20000,1,0,bloom,37.00625,20000,20000,0
2,20000,200000,11,0,20000,1,1,filtered_set,61.40415,20000,20000,20000
2,20000,200000,11,0,20000,1,2,set,18.4333,20000,20000,20000
2,20000,200000,11,0,20000,2,0,bloom,42.53125,20000,20000,0
2,20000,200000,11,0,20000,2,1,set,19.30835,20000,20000,20000
2,20000,200000,11,0,20000,2,2,filtered_set,62.26045,20000,20000,20000
2,20000,200000,11,0.5,20000,0,0,set,33.0979,10000,10000,20000
2,20000,200000,11,0.5,20000,0,1,bloom,39.08335,10126,10000,0
2,20000,200000,11,0.5,20000,0,2,filtered_set,53.19375,10000,10000,10126
2,20000,200000,11,0.5,20000,1,0,filtered_set,51.95415,10000,10000,10126
2,20000,200000,11,0.5,20000,1,1,set,33.30415,10000,10000,20000
2,20000,200000,11,0.5,20000,1,2,bloom,38.54585,10126,10000,0
2,20000,200000,11,0.5,20000,2,0,set,32.52085,10000,10000,20000
2,20000,200000,11,0.5,20000,2,1,bloom,37.84375,10126,10000,0
2,20000,200000,11,0.5,20000,2,2,filtered_set,51.075,10000,10000,10126
2,20000,200000,11,0.9,20000,0,0,bloom,41.76045,2213,2000,0
2,20000,200000,11,0.9,20000,0,1,filtered_set,46.64795,2000,2000,2213
2,20000,200000,11,0.9,20000,0,2,set,30.175,2000,2000,20000
2,20000,200000,11,0.9,20000,1,0,set,28.8208,2000,2000,20000
2,20000,200000,11,0.9,20000,1,1,filtered_set,46.25625,2000,2000,2213
2,20000,200000,11,0.9,20000,1,2,bloom,40.12295,2213,2000,0
2,20000,200000,11,0.9,20000,2,0,filtered_set,44.9979,2000,2000,2213
2,20000,200000,11,0.9,20000,2,1,set,28.625,2000,2000,20000
2,20000,200000,11,0.9,20000,2,2,bloom,39.95625,2213,2000,0
2,20000,200000,11,1,20000,0,0,bloom,41.5271,243,0,0
2,20000,200000,11,1,20000,0,1,filtered_set,44.575,0,0,243
2,20000,200000,11,1,20000,0,2,set,28.30625,0,0,20000
2,20000,200000,11,1,20000,1,0,bloom,40.2896,243,0,0
2,20000,200000,11,1,20000,1,1,set,27.3021,0,0,20000
2,20000,200000,11,1,20000,1,2,filtered_set,43.1042,0,0,243
2,20000,200000,11,1,20000,2,0,set,27.14795,0,0,20000
2,20000,200000,11,1,20000,2,1,filtered_set,54.45835,0,0,243
2,20000,200000,11,1,20000,2,2,bloom,39.8125,243,0,0
