seed,n,k,negative_fraction,repeat,method,ns_per_query,returned_positive,expected_positive,backend_calls
1,20000,1,0,0,early_exit,24.706455,200000,200000,200000
1,20000,1,0,0,set,18.599795,200000,200000,200000
1,20000,1,0,0,full_scan,24.549585,200000,200000,200000
1,20000,1,0,1,full_scan,24.27521,200000,200000,200000
1,20000,1,0,1,early_exit,24.67146,200000,200000,200000
1,20000,1,0,1,set,18.519375,200000,200000,200000
1,20000,1,0,2,early_exit,25.032705,200000,200000,200000
1,20000,1,0,2,full_scan,24.401875,200000,200000,200000
1,20000,1,0,2,set,19.205415,200000,200000,200000
1,20000,1,0,3,early_exit,25.64771,200000,200000,200000
1,20000,1,0,3,full_scan,25.20125,200000,200000,200000
1,20000,1,0,3,set,19.10167,200000,200000,200000
1,20000,1,0,4,set,18.5575,200000,200000,200000
1,20000,1,0,4,early_exit,24.76583,200000,200000,200000
1,20000,1,0,4,full_scan,24.83104,200000,200000,200000
1,20000,1,0,5,full_scan,24.195205,200000,200000,200000
1,20000,1,0,5,early_exit,24.525625,200000,200000,200000
1,20000,1,0,5,set,18.56604,200000,200000,200000
1,20000,1,0,6,full_scan,24.32375,200000,200000,200000
1,20000,1,0,6,set,18.49042,200000,200000,200000
1,20000,1,0,6,early_exit,24.664165,200000,200000,200000
1,20000,1,0.5,0,full_scan,34.11667,100000,100000,109527
1,20000,1,0.5,0,set,32.76896,100000,100000,200000
1,20000,1,0.5,0,early_exit,34.995835,100000,100000,109527
1,20000,1,0.5,1,full_scan,34.28292,100000,100000,109527
1,20000,1,0.5,1,early_exit,34.11625,100000,100000,109527
1,20000,1,0.5,1,set,32.95979,100000,100000,200000
1,20000,1,0.5,2,early_exit,34.70542,100000,100000,109527
1,20000,1,0.5,2,full_scan,34.7625,100000,100000,109527
1,20000,1,0.5,2,set,33.089165,100000,100000,200000
1,20000,1,0.5,3,set,33.05146,100000,100000,200000
1,20000,1,0.5,3,full_scan,35.33021,100000,100000,109527
1,20000,1,0.5,3,early_exit,36.60125,100000,100000,109527
1,20000,1,0.5,4,set,33.38333,100000,100000,200000
1,20000,1,0.5,4,early_exit,35.201665,100000,100000,109527
1,20000,1,0.5,4,full_scan,34.507915,100000,100000,109527
1,20000,1,0.5,5,full_scan,34.321455,100000,100000,109527
1,20000,1,0.5,5,early_exit,35.13521,100000,100000,109527
1,20000,1,0.5,5,set,33.21604,100000,100000,200000
1,20000,1,0.5,6,set,33.10292,100000,100000,200000
1,20000,1,0.5,6,full_scan,34.5675,100000,100000,109527
1,20000,1,0.5,6,early_exit,35.061455,100000,100000,109527
1,20000,1,0.9,0,early_exit,18.68771,20000,20000,37016
1,20000,1,0.9,0,full_scan,19.12146,20000,20000,37016
1,20000,1,0.9,0,set,29.086875,20000,20000,200000
1,20000,1,0.9,1,set,28.859795,20000,20000,200000
1,20000,1,0.9,1,full_scan,19.10667,20000,20000,37016
1,20000,1,0.9,1,early_exit,18.624585,20000,20000,37016
1,20000,1,0.9,2,early_exit,18.51771,20000,20000,37016
1,20000,1,0.9,2,full_scan,19.055415,20000,20000,37016
1,20000,1,0.9,2,set,29.20229,20000,20000,200000
1,20000,1,0.9,3,full_scan,19.068125,20000,20000,37016
1,20000,1,0.9,3,set,28.99854,20000,20000,200000
1,20000,1,0.9,3,early_exit,19.052705,20000,20000,37016
1,20000,1,0.9,4,early_exit,18.918125,20000,20000,37016
1,20000,1,0.9,4,full_scan,19.236875,20000,20000,37016
1,20000,1,0.9,4,set,29.024795,20000,20000,200000
1,20000,1,0.9,5,early_exit,18.48854,20000,20000,37016
1,20000,1,0.9,5,set,28.721455,20000,20000,200000
1,20000,1,0.9,5,full_scan,19.276875,20000,20000,37016
1,20000,1,0.9,6,early_exit,19.576455,20000,20000,37016
1,20000,1,0.9,6,full_scan,19.44708,20000,20000,37016
1,20000,1,0.9,6,set,31.18271,20000,20000,200000
1,20000,1,1,0,early_exit,9.925,0,0,18824
1,20000,1,1,0,set,27.665,0,0,200000
1,20000,1,1,0,full_scan,10.36146,0,0,18824
1,20000,1,1,1,full_scan,10.16896,0,0,18824
1,20000,1,1,1,early_exit,10.14167,0,0,18824
1,20000,1,1,1,set,27.62,0,0,200000
1,20000,1,1,2,set,27.699165,0,0,200000
1,20000,1,1,2,full_scan,10.244375,0,0,18824
1,20000,1,1,2,early_exit,10.07729,0,0,18824
1,20000,1,1,3,set,27.605,0,0,200000
1,20000,1,1,3,full_scan,10.236455,0,0,18824
1,20000,1,1,3,early_exit,9.948125,0,0,18824
1,20000,1,1,4,set,27.560415,0,0,200000
1,20000,1,1,4,early_exit,9.946875,0,0,18824
1,20000,1,1,4,full_scan,10.29292,0,0,18824
1,20000,1,1,5,full_scan,10.2525,0,0,18824
1,20000,1,1,5,early_exit,10.0275,0,0,18824
1,20000,1,1,5,set,28.32646,0,0,200000
1,20000,1,1,6,early_exit,10.086875,0,0,18824
1,20000,1,1,6,full_scan,10.388125,0,0,18824
1,20000,1,1,6,set,28.191875,0,0,200000
1,20000,7,0,0,early_exit,48.835835,200000,200000,200000
1,20000,7,0,0,set,18.972915,200000,200000,200000
1,20000,7,0,0,full_scan,47.10792,200000,200000,200000
1,20000,7,0,1,full_scan,46.89625,200000,200000,200000
1,20000,7,0,1,early_exit,48.03354,200000,200000,200000
1,20000,7,0,1,set,18.87521,200000,200000,200000
1,20000,7,0,2,early_exit,48.136875,200000,200000,200000
1,20000,7,0,2,full_scan,47.2175,200000,200000,200000
1,20000,7,0,2,set,19.653125,200000,200000,200000
1,20000,7,0,3,early_exit,48.858545,200000,200000,200000
1,20000,7,0,3,full_scan,47.13042,200000,200000,200000
1,20000,7,0,3,set,19.04479,200000,200000,200000
1,20000,7,0,4,set,18.59,200000,200000,200000
1,20000,7,0,4,early_exit,47.90875,200000,200000,200000
1,20000,7,0,4,full_scan,47.4175,200000,200000,200000
1,20000,7,0,5,full_scan,47.09604,200000,200000,200000
1,20000,7,0,5,early_exit,48.453125,200000,200000,200000
1,20000,7,0,5,set,19.054375,200000,200000,200000
1,20000,7,0,6,full_scan,47.031045,200000,200000,200000
1,20000,7,0,6,set,19.546665,200000,200000,200000
1,20000,7,0,6,early_exit,48.024375,200000,200000,200000
1,20000,7,0.5,0,full_scan,50.888335,100000,100000,100816
1,20000,7,0.5,0,set,33.635625,100000,100000,200000
1,20000,7,0.5,0,early_exit,44.062705,100000,100000,100816
1,20000,7,0.5,1,full_scan,51.50292,100000,100000,100816
1,20000,7,0.5,1,early_exit,44.536875,100000,100000,100816
1,20000,7,0.5,1,set,33.183955,100000,100000,200000
1,20000,7,0.5,2,early_exit,44.025,100000,100000,100816
1,20000,7,0.5,2,full_scan,52.076455,100000,100000,100816
1,20000,7,0.5,2,set,33.90229,100000,100000,200000
1,20000,7,0.5,3,set,34.31646,100000,100000,200000
1,20000,7,0.5,3,full_scan,51.441875,100000,100000,100816
1,20000,7,0.5,3,early_exit,44.821875,100000,100000,100816
1,20000,7,0.5,4,set,34.308335,100000,100000,200000
1,20000,7,0.5,4,early_exit,44.589585,100000,100000,100816
1,20000,7,0.5,4,full_scan,51.105,100000,100000,100816
1,20000,7,0.5,5,full_scan,50.7775,100000,100000,100816
1,20000,7,0.5,5,early_exit,43.850625,100000,100000,100816
1,20000,7,0.5,5,set,33.56771,100000,100000,200000
1,20000,7,0.5,6,set,33.088125,100000,100000,200000
1,20000,7,0.5,6,full_scan,51.13708,100000,100000,100816
1,20000,7,0.5,6,early_exit,44.56229,100000,100000,100816
1,20000,7,0.9,0,early_exit,42.90646,20000,20000,21497
1,20000,7,0.9,0,full_scan,29.0625,20000,20000,21497
1,20000,7,0.9,0,set,29.31354,20000,20000,200000
1,20000,7,0.9,1,set,28.66833,20000,20000,200000
1,20000,7,0.9,1,full_scan,28.913545,20000,20000,21497
1,20000,7,0.9,1,early_exit,42.97125,20000,20000,21497
1,20000,7,0.9,2,early_exit,42.60521,20000,20000,21497
1,20000,7,0.9,2,full_scan,29.04604,20000,20000,21497
1,20000,7,0.9,2,set,29.209795,20000,20000,200000
1,20000,7,0.9,3,full_scan,29.065625,20000,20000,21497
1,20000,7,0.9,3,set,29.10354,20000,20000,200000
1,20000,7,0.9,3,early_exit,42.68021,20000,20000,21497
1,20000,7,0.9,4,early_exit,42.728125,20000,20000,21497
1,20000,7,0.9,4,full_scan,29.417295,20000,20000,21497
1,20000,7,0.9,4,set,29.073125,20000,20000,200000
1,20000,7,0.9,5,early_exit,42.410625,20000,20000,21497
1,20000,7,0.9,5,set,29.111665,20000,20000,200000
1,20000,7,0.9,5,full_scan,29.02542,20000,20000,21497
1,20000,7,0.9,6,early_exit,42.80083,20000,20000,21497
1,20000,7,0.9,6,full_scan,29.05104,20000,20000,21497
1,20000,7,0.9,6,set,29.17146,20000,20000,200000
1,20000,7,1,0,early_exit,40.196875,0,0,1672
1,20000,7,1,0,set,28.072295,0,0,200000
1,20000,7,1,0,full_scan,22.84208,0,0,1672
1,20000,7,1,1,full_scan,22.807915,0,0,1672
1,20000,7,1,1,early_exit,39.824795,0,0,1672
1,20000,7,1,1,set,27.859165,0,0,200000
1,20000,7,1,2,set,27.57125,0,0,200000
1,20000,7,1,2,full_scan,22.90542,0,0,1672
1,20000,7,1,2,early_exit,39.942705,0,0,1672
1,20000,7,1,3,set,28.561665,0,0,200000
1,20000,7,1,3,full_scan,25.25729,0,0,1672
1,20000,7,1,3,early_exit,44.5525,0,0,1672
1,20000,7,1,4,set,30.58646,0,0,200000
1,20000,7,1,4,early_exit,41.69333,0,0,1672
1,20000,7,1,4,full_scan,23.48375,0,0,1672
1,20000,7,1,5,full_scan,23.64667,0,0,1672
1,20000,7,1,5,early_exit,40.434165,0,0,1672
1,20000,7,1,5,set,29.62625,0,0,200000
1,20000,7,1,6,early_exit,40.61729,0,0,1672
1,20000,7,1,6,full_scan,23.15667,0,0,1672
1,20000,7,1,6,set,28.16,0,0,200000
1,200000,1,0,0,early_exit,27.54604,200000,200000,200000
1,200000,1,0,0,full_scan,26.81792,200000,200000,200000
1,200000,1,0,0,set,20.49229,200000,200000,200000
1,200000,1,0,1,set,20.204375,200000,200000,200000
1,200000,1,0,1,early_exit,27.82375,200000,200000,200000
1,200000,1,0,1,full_scan,26.855625,200000,200000,200000
1,200000,1,0,2,set,20.51167,200000,200000,200000
1,200000,1,0,2,early_exit,27.51375,200000,200000,200000
1,200000,1,0,2,full_scan,27.27625,200000,200000,200000
1,200000,1,0,3,set,20.721665,200000,200000,200000
1,200000,1,0,3,early_exit,27.696875,200000,200000,200000
1,200000,1,0,3,full_scan,27.091045,200000,200000,200000
1,200000,1,0,4,full_scan,26.447915,200000,200000,200000
1,200000,1,0,4,set,20.248335,200000,200000,200000
1,200000,1,0,4,early_exit,27.48646,200000,200000,200000
1,200000,1,0,5,set,20.06354,200000,200000,200000
1,200000,1,0,5,early_exit,27.094375,200000,200000,200000
1,200000,1,0,5,full_scan,26.79521,200000,200000,200000
1,200000,1,0,6,early_exit,27.37854,200000,200000,200000
1,200000,1,0,6,full_scan,26.487915,200000,200000,200000
1,200000,1,0,6,set,20.289165,200000,200000,200000
1,200000,1,0.5,0,early_exit,37.58708,100000,100000,109376
1,200000,1,0.5,0,full_scan,37.49667,100000,100000,109376
1,200000,1,0.5,0,set,35.198125,100000,100000,200000
1,200000,1,0.5,1,set,35.07729,100000,100000,200000
1,200000,1,0.5,1,early_exit,37.150835,100000,100000,109376
1,200000,1,0.5,1,full_scan,37.43729,100000,100000,109376
1,200000,1,0.5,2,early_exit,37.030625,100000,100000,109376
1,200000,1,0.5,2,full_scan,36.891045,100000,100000,109376
1,200000,1,0.5,2,set,35.298125,100000,100000,200000
1,200000,1,0.5,3,full_scan,36.40521,100000,100000,109376
1,200000,1,0.5,3,set,35.590205,100000,100000,200000
1,200000,1,0.5,3,early_exit,37.51021,100000,100000,109376
1,200000,1,0.5,4,full_scan,37.127705,100000,100000,109376
1,200000,1,0.5,4,set,35.838125,100000,100000,200000
1,200000,1,0.5,4,early_exit,37.672085,100000,100000,109376
1,200000,1,0.5,5,early_exit,36.885835,100000,100000,109376
1,200000,1,0.5,5,full_scan,37.24417,100000,100000,109376
1,200000,1,0.5,5,set,36.520415,100000,100000,200000
1,200000,1,0.5,6,set,35.83521,100000,100000,200000
1,200000,1,0.5,6,full_scan,36.689585,100000,100000,109376
1,200000,1,0.5,6,early_exit,37.239795,100000,100000,109376
1,200000,1,0.9,0,set,31.006665,20000,20000,200000
1,200000,1,0.9,0,full_scan,20.745205,20000,20000,37059
1,200000,1,0.9,0,early_exit,20.348955,20000,20000,37059
1,200000,1,0.9,1,set,31.065,20000,20000,200000
1,200000,1,0.9,1,full_scan,20.414795,20000,20000,37059
1,200000,1,0.9,1,early_exit,19.967295,20000,20000,37059
1,200000,1,0.9,2,full_scan,20.56604,20000,20000,37059
1,200000,1,0.9,2,early_exit,20.6225,20000,20000,37059
1,200000,1,0.9,2,set,31.106875,20000,20000,200000
1,200000,1,0.9,3,set,30.576665,20000,20000,200000
1,200000,1,0.9,3,early_exit,20.18229,20000,20000,37059
1,200000,1,0.9,3,full_scan,20.59146,20000,20000,37059
1,200000,1,0.9,4,full_scan,20.224165,20000,20000,37059
1,200000,1,0.9,4,set,30.68896,20000,20000,200000
1,200000,1,0.9,4,early_exit,20.161875,20000,20000,37059
1,200000,1,0.9,5,early_exit,19.908545,20000,20000,37059
1,200000,1,0.9,5,full_scan,20.43021,20000,20000,37059
1,200000,1,0.9,5,set,30.917085,20000,20000,200000
1,200000,1,0.9,6,full_scan,20.45042,20000,20000,37059
1,200000,1,0.9,6,set,30.368125,20000,20000,200000
1,200000,1,0.9,6,early_exit,19.959375,20000,20000,37059
1,200000,1,1,0,set,29.36104,0,0,200000
1,200000,1,1,0,early_exit,11.246665,0,0,18934
1,200000,1,1,0,full_scan,11.39729,0,0,18934
1,200000,1,1,1,full_scan,11.13625,0,0,18934
1,200000,1,1,1,set,29.89354,0,0,200000
1,200000,1,1,1,early_exit,10.9325,0,0,18934
1,200000,1,1,2,set,29.467085,0,0,200000
1,200000,1,1,2,full_scan,11.30792,0,0,18934
1,200000,1,1,2,early_exit,10.901455,0,0,18934
1,200000,1,1,3,full_scan,11.06479,0,0,18934
1,200000,1,1,3,set,29.771045,0,0,200000
1,200000,1,1,3,early_exit,11.045835,0,0,18934
1,200000,1,1,4,set,29.331665,0,0,200000
1,200000,1,1,4,full_scan,11.27104,0,0,18934
1,200000,1,1,4,early_exit,10.76375,0,0,18934
1,200000,1,1,5,full_scan,11.179165,0,0,18934
1,200000,1,1,5,set,29.47875,0,0,200000
1,200000,1,1,5,early_exit,10.688125,0,0,18934
1,200000,1,1,6,full_scan,11.013335,0,0,18934
1,200000,1,1,6,set,29.358335,0,0,200000
1,200000,1,1,6,early_exit,10.70521,0,0,18934
1,200000,7,0,0,early_exit,51.888335,200000,200000,200000
1,200000,7,0,0,full_scan,50.307085,200000,200000,200000
1,200000,7,0,0,set,20.36458,200000,200000,200000
1,200000,7,0,1,set,20.11625,200000,200000,200000
1,200000,7,0,1,early_exit,52.202085,200000,200000,200000
1,200000,7,0,1,full_scan,50.91604,200000,200000,200000
1,200000,7,0,2,set,20.439375,200000,200000,200000
1,200000,7,0,2,early_exit,52.95917,200000,200000,200000
1,200000,7,0,2,full_scan,53.872915,200000,200000,200000
1,200000,7,0,3,set,21.07167,200000,200000,200000
1,200000,7,0,3,early_exit,57.646875,200000,200000,200000
1,200000,7,0,3,full_scan,55.865625,200000,200000,200000
1,200000,7,0,4,full_scan,52.565835,200000,200000,200000
1,200000,7,0,4,set,20.355,200000,200000,200000
1,200000,7,0,4,early_exit,51.89771,200000,200000,200000
1,200000,7,0,5,set,20.33875,200000,200000,200000
1,200000,7,0,5,early_exit,51.692085,200000,200000,200000
1,200000,7,0,5,full_scan,50.736665,200000,200000,200000
1,200000,7,0,6,early_exit,52.426455,200000,200000,200000
1,200000,7,0,6,full_scan,50.924375,200000,200000,200000
1,200000,7,0,6,set,20.35333,200000,200000,200000
1,200000,7,0.5,0,early_exit,48.20125,100000,100000,100790
1,200000,7,0.5,0,full_scan,56.263335,100000,100000,100790
1,200000,7,0.5,0,set,35.18167,100000,100000,200000
1,200000,7,0.5,1,set,35.721875,100000,100000,200000
1,200000,7,0.5,1,early_exit,48.36833,100000,100000,100790
1,200000,7,0.5,1,full_scan,56.304165,100000,100000,100790
1,200000,7,0.5,2,early_exit,48.30667,100000,100000,100790
1,200000,7,0.5,2,full_scan,56.338955,100000,100000,100790
1,200000,7,0.5,2,set,36.073545,100000,100000,200000
1,200000,7,0.5,3,full_scan,55.8075,100000,100000,100790
1,200000,7,0.5,3,set,35.2425,100000,100000,200000
1,200000,7,0.5,3,early_exit,48.31667,100000,100000,100790
1,200000,7,0.5,4,full_scan,56.670205,100000,100000,100790
1,200000,7,0.5,4,set,35.36333,100000,100000,200000
1,200000,7,0.5,4,early_exit,48.122085,100000,100000,100790
1,200000,7,0.5,5,early_exit,48.179585,100000,100000,100790
1,200000,7,0.5,5,full_scan,56.16917,100000,100000,100790
1,200000,7,0.5,5,set,35.99292,100000,100000,200000
1,200000,7,0.5,6,set,35.556045,100000,100000,200000
1,200000,7,0.5,6,full_scan,57.09896,100000,100000,100790
1,200000,7,0.5,6,early_exit,49.348125,100000,100000,100790
1,200000,7,0.9,0,set,30.974795,20000,20000,200000
1,200000,7,0.9,0,full_scan,30.881875,20000,20000,21452
1,200000,7,0.9,0,early_exit,46.496875,20000,20000,21452
1,200000,7,0.9,1,set,31.116875,20000,20000,200000
1,200000,7,0.9,1,full_scan,31.05521,20000,20000,21452
1,200000,7,0.9,1,early_exit,46.715,20000,20000,21452
1,200000,7,0.9,2,full_scan,31.064795,20000,20000,21452
1,200000,7,0.9,2,early_exit,46.349585,20000,20000,21452
1,200000,7,0.9,2,set,31.461045,20000,20000,200000
1,200000,7,0.9,3,set,30.53167,20000,20000,200000
1,200000,7,0.9,3,early_exit,46.17104,20000,20000,21452
1,200000,7,0.9,3,full_scan,32.26958,20000,20000,21452
1,200000,7,0.9,4,full_scan,31.55021,20000,20000,21452
1,200000,7,0.9,4,set,31.978335,20000,20000,200000
1,200000,7,0.9,4,early_exit,46.38875,20000,20000,21452
1,200000,7,0.9,5,early_exit,46.44896,20000,20000,21452
1,200000,7,0.9,5,full_scan,33.154375,20000,20000,21452
1,200000,7,0.9,5,set,33.50146,20000,20000,200000
1,200000,7,0.9,6,full_scan,31.945415,20000,20000,21452
1,200000,7,0.9,6,set,31.72146,20000,20000,200000
1,200000,7,0.9,6,early_exit,46.409375,20000,20000,21452
1,200000,7,1,0,set,31.97271,0,0,200000
1,200000,7,1,0,early_exit,42.684165,0,0,1633
1,200000,7,1,0,full_scan,23.660835,0,0,1633
1,200000,7,1,1,full_scan,24.10271,0,0,1633
1,200000,7,1,1,set,33.073955,0,0,200000
1,200000,7,1,1,early_exit,42.844375,0,0,1633
1,200000,7,1,2,set,30.82396,0,0,200000
1,200000,7,1,2,full_scan,24.49979,0,0,1633
1,200000,7,1,2,early_exit,44.747085,0,0,1633
1,200000,7,1,3,full_scan,38.33,0,0,1633
1,200000,7,1,3,set,355.701875,0,0,200000
1,200000,7,1,3,early_exit,46.18271,0,0,1633
1,200000,7,1,4,set,40.311875,0,0,200000
1,200000,7,1,4,full_scan,23.839165,0,0,1633
1,200000,7,1,4,early_exit,44.423125,0,0,1633
1,200000,7,1,5,full_scan,23.707915,0,0,1633
1,200000,7,1,5,set,33.12146,0,0,200000
1,200000,7,1,5,early_exit,45.40875,0,0,1633
1,200000,7,1,6,full_scan,25.493125,0,0,1633
1,200000,7,1,6,set,42.22,0,0,200000
1,200000,7,1,6,early_exit,43.515,0,0,1633
2,20000,1,0,0,set,19.030205,200000,200000,200000
2,20000,1,0,0,early_exit,24.856455,200000,200000,200000
2,20000,1,0,0,full_scan,24.74625,200000,200000,200000
2,20000,1,0,1,early_exit,24.785625,200000,200000,200000
2,20000,1,0,1,full_scan,24.46375,200000,200000,200000
2,20000,1,0,1,set,18.855205,200000,200000,200000
2,20000,1,0,2,full_scan,24.73125,200000,200000,200000
2,20000,1,0,2,set,18.93604,200000,200000,200000
2,20000,1,0,2,early_exit,25.447085,200000,200000,200000
2,20000,1,0,3,early_exit,25.37396,200000,200000,200000
2,20000,1,0,3,full_scan,24.530205,200000,200000,200000
2,20000,1,0,3,set,18.86375,200000,200000,200000
2,20000,1,0,4,set,18.622085,200000,200000,200000
2,20000,1,0,4,full_scan,24.831875,200000,200000,200000
2,20000,1,0,4,early_exit,25.158125,200000,200000,200000
2,20000,1,0,5,early_exit,25.00625,200000,200000,200000
2,20000,1,0,5,full_scan,24.373955,200000,200000,200000
2,20000,1,0,5,set,18.92792,200000,200000,200000
2,20000,1,0,6,set,18.61271,200000,200000,200000
2,20000,1,0,6,full_scan,24.542705,200000,200000,200000
2,20000,1,0,6,early_exit,25.003335,200000,200000,200000
2,20000,1,0.5,0,early_exit,34.46521,100000,100000,109484
2,20000,1,0.5,0,set,33.010835,100000,100000,200000
2,20000,1,0.5,0,full_scan,34.77729,100000,100000,109484
2,20000,1,0.5,1,full_scan,34.326045,100000,100000,109484
2,20000,1,0.5,1,set,33.19625,100000,100000,200000
2,20000,1,0.5,1,early_exit,34.36125,100000,100000,109484
2,20000,1,0.5,2,early_exit,34.15229,100000,100000,109484
2,20000,1,0.5,2,set,33.23333,100000,100000,200000
2,20000,1,0.5,2,full_scan,34.55604,100000,100000,109484
2,20000,1,0.5,3,full_scan,34.336875,100000,100000,109484
2,20000,1,0.5,3,set,32.995,100000,100000,200000
2,20000,1,0.5,3,early_exit,34.514375,100000,100000,109484
2,20000,1,0.5,4,full_scan,34.385,100000,100000,109484
2,20000,1,0.5,4,set,33.133335,100000,100000,200000
2,20000,1,0.5,4,early_exit,34.39,100000,100000,109484
2,20000,1,0.5,5,set,33.30083,100000,100000,200000
2,20000,1,0.5,5,early_exit,34.4175,100000,100000,109484
2,20000,1,0.5,5,full_scan,34.639585,100000,100000,109484
2,20000,1,0.5,6,early_exit,35.20021,100000,100000,109484
2,20000,1,0.5,6,set,33.315,100000,100000,200000
2,20000,1,0.5,6,full_scan,34.86125,100000,100000,109484
2,20000,1,0.9,0,full_scan,19.09021,20000,20000,37138
2,20000,1,0.9,0,early_exit,18.526875,20000,20000,37138
2,20000,1,0.9,0,set,29.141045,20000,20000,200000
2,20000,1,0.9,1,set,28.649375,20000,20000,200000
2,20000,1,0.9,1,full_scan,19.110625,20000,20000,37138
2,20000,1,0.9,1,early_exit,18.69375,20000,20000,37138
2,20000,1,0.9,2,full_scan,19.20021,20000,20000,37138
2,20000,1,0.9,2,set,29.16479,20000,20000,200000
2,20000,1,0.9,2,early_exit,18.744165,20000,20000,37138
2,20000,1,0.9,3,set,29.47979,20000,20000,200000
2,20000,1,0.9,3,early_exit,18.61896,20000,20000,37138
2,20000,1,0.9,3,full_scan,19.22729,20000,20000,37138
2,20000,1,0.9,4,full_scan,18.99021,20000,20000,37138
2,20000,1,0.9,4,set,28.866875,20000,20000,200000
2,20000,1,0.9,4,early_exit,18.75354,20000,20000,37138
2,20000,1,0.9,5,full_scan,19.148335,20000,20000,37138
2,20000,1,0.9,5,set,29.21792,20000,20000,200000
2,20000,1,0.9,5,early_exit,18.82417,20000,20000,37138
2,20000,1,0.9,6,early_exit,18.488335,20000,20000,37138
2,20000,1,0.9,6,set,28.901875,20000,20000,200000
2,20000,1,0.9,6,full_scan,19.212295,20000,20000,37138
2,20000,1,1,0,set,28.55646,0,0,200000
2,20000,1,1,0,full_scan,10.56875,0,0,19109
2,20000,1,1,0,early_exit,10.37875,0,0,19109
2,20000,1,1,1,full_scan,10.467915,0,0,19109
2,20000,1,1,1,early_exit,10.245415,0,0,19109
2,20000,1,1,1,set,28.10583,0,0,200000
2,20000,1,1,2,set,28.226665,0,0,200000
2,20000,1,1,2,full_scan,10.38896,0,0,19109
2,20000,1,1,2,early_exit,10.137705,0,0,19109
2,20000,1,1,3,full_scan,10.405,0,0,19109
2,20000,1,1,3,set,28.12917,0,0,200000
2,20000,1,1,3,early_exit,10.07083,0,0,19109
2,20000,1,1,4,full_scan,10.328335,0,0,19109
2,20000,1,1,4,set,27.929585,0,0,200000
2,20000,1,1,4,early_exit,10.09417,0,0,19109
2,20000,1,1,5,early_exit,10.145,0,0,19109
2,20000,1,1,5,set,28.16229,0,0,200000
2,20000,1,1,5,full_scan,10.491665,0,0,19109
2,20000,1,1,6,full_scan,10.398125,0,0,19109
2,20000,1,1,6,set,27.975205,0,0,200000
2,20000,1,1,6,early_exit,10.33896,0,0,19109
2,20000,7,0,0,set,18.992085,200000,200000,200000
2,20000,7,0,0,early_exit,47.66708,200000,200000,200000
2,20000,7,0,0,full_scan,46.600625,200000,200000,200000
2,20000,7,0,1,early_exit,47.559585,200000,200000,200000
2,20000,7,0,1,full_scan,46.43917,200000,200000,200000
2,20000,7,0,1,set,19.02646,200000,200000,200000
2,20000,7,0,2,full_scan,46.831045,200000,200000,200000
2,20000,7,0,2,set,20.01979,200000,200000,200000
2,20000,7,0,2,early_exit,48.533335,200000,200000,200000
2,20000,7,0,3,early_exit,47.70229,200000,200000,200000
2,20000,7,0,3,full_scan,46.63104,200000,200000,200000
2,20000,7,0,3,set,19.171665,200000,200000,200000
2,20000,7,0,4,set,18.97604,200000,200000,200000
2,20000,7,0,4,full_scan,46.530415,200000,200000,200000
2,20000,7,0,4,early_exit,48.49229,200000,200000,200000
2,20000,7,0,5,early_exit,48.042705,200000,200000,200000
2,20000,7,0,5,full_scan,46.90417,200000,200000,200000
2,20000,7,0,5,set,19.405415,200000,200000,200000
2,20000,7,0,6,set,18.900835,200000,200000,200000
2,20000,7,0,6,full_scan,46.492085,200000,200000,200000
2,20000,7,0,6,early_exit,47.81292,200000,200000,200000
2,20000,7,0.5,0,early_exit,43.787085,100000,100000,100806
2,20000,7,0.5,0,set,33.093125,100000,100000,200000
2,20000,7,0.5,0,full_scan,50.800205,100000,100000,100806
2,20000,7,0.5,1,full_scan,50.835625,100000,100000,100806
2,20000,7,0.5,1,set,34.42979,100000,100000,200000
2,20000,7,0.5,1,early_exit,44.68875,100000,100000,100806
2,20000,7,0.5,2,early_exit,43.66875,100000,100000,100806
2,20000,7,0.5,2,set,33.156045,100000,100000,200000
2,20000,7,0.5,2,full_scan,51.077915,100000,100000,100806
2,20000,7,0.5,3,full_scan,50.86354,100000,100000,100806
2,20000,7,0.5,3,set,33.885625,100000,100000,200000
2,20000,7,0.5,3,early_exit,43.62,100000,100000,100806
2,20000,7,0.5,4,full_scan,50.75667,100000,100000,100806
2,20000,7,0.5,4,set,33.45896,100000,100000,200000
2,20000,7,0.5,4,early_exit,44.148125,100000,100000,100806
2,20000,7,0.5,5,set,33.399375,100000,100000,200000
2,20000,7,0.5,5,early_exit,44.355415,100000,100000,100806
2,20000,7,0.5,5,full_scan,50.87875,100000,100000,100806
2,20000,7,0.5,6,early_exit,44.06542,100000,100000,100806
2,20000,7,0.5,6,set,33.301875,100000,100000,200000
2,20000,7,0.5,6,full_scan,50.959375,100000,100000,100806
2,20000,7,0.9,0,full_scan,29.132915,20000,20000,21508
2,20000,7,0.9,0,early_exit,42.76896,20000,20000,21508
2,20000,7,0.9,0,set,29.591875,20000,20000,200000
2,20000,7,0.9,1,set,28.93625,20000,20000,200000
2,20000,7,0.9,1,full_scan,29.456665,20000,20000,21508
2,20000,7,0.9,1,early_exit,43.13354,20000,20000,21508
2,20000,7,0.9,2,full_scan,29.94146,20000,20000,21508
2,20000,7,0.9,2,set,29.93479,20000,20000,200000
2,20000,7,0.9,2,early_exit,42.72354,20000,20000,21508
2,20000,7,0.9,3,set,28.98292,20000,20000,200000
2,20000,7,0.9,3,early_exit,42.051875,20000,20000,21508
2,20000,7,0.9,3,full_scan,29.313335,20000,20000,21508
2,20000,7,0.9,4,full_scan,29.08646,20000,20000,21508
2,20000,7,0.9,4,set,29.110625,20000,20000,200000
2,20000,7,0.9,4,early_exit,42.42125,20000,20000,21508
2,20000,7,0.9,5,full_scan,29.374585,20000,20000,21508
2,20000,7,0.9,5,set,29.16271,20000,20000,200000
2,20000,7,0.9,5,early_exit,42.242915,20000,20000,21508
2,20000,7,0.9,6,early_exit,42.72667,20000,20000,21508
2,20000,7,0.9,6,set,29.63354,20000,20000,200000
2,20000,7,0.9,6,full_scan,29.299375,20000,20000,21508
2,20000,7,1,0,set,28.067915,0,0,200000
2,20000,7,1,0,full_scan,22.834585,0,0,1682
2,20000,7,1,0,early_exit,39.914585,0,0,1682
2,20000,7,1,1,full_scan,22.897085,0,0,1682
2,20000,7,1,1,early_exit,39.86,0,0,1682
2,20000,7,1,1,set,27.85146,0,0,200000
2,20000,7,1,2,set,27.74833,0,0,200000
2,20000,7,1,2,full_scan,22.915415,0,0,1682
2,20000,7,1,2,early_exit,40.204375,0,0,1682
2,20000,7,1,3,full_scan,22.935205,0,0,1682
2,20000,7,1,3,set,28.18375,0,0,200000
2,20000,7,1,3,early_exit,40.039375,0,0,1682
2,20000,7,1,4,full_scan,23.52625,0,0,1682
2,20000,7,1,4,set,28.100835,0,0,200000
2,20000,7,1,4,early_exit,40.385625,0,0,1682
2,20000,7,1,5,early_exit,39.68521,0,0,1682
2,20000,7,1,5,set,28.1325,0,0,200000
2,20000,7,1,5,full_scan,23.00333,0,0,1682
2,20000,7,1,6,full_scan,23.028125,0,0,1682
2,20000,7,1,6,set,28.308545,0,0,200000
2,20000,7,1,6,early_exit,40.12021,0,0,1682
2,200000,1,0,0,set,20.37,200000,200000,200000
2,200000,1,0,0,full_scan,26.805,200000,200000,200000
2,200000,1,0,0,early_exit,27.20333,200000,200000,200000
2,200000,1,0,1,early_exit,27.345835,200000,200000,200000
2,200000,1,0,1,set,20.414585,200000,200000,200000
2,200000,1,0,1,full_scan,26.913125,200000,200000,200000
2,200000,1,0,2,early_exit,27.67854,200000,200000,200000
2,200000,1,0,2,set,20.575415,200000,200000,200000
2,200000,1,0,2,full_scan,26.96375,200000,200000,200000
2,200000,1,0,3,full_scan,26.714165,200000,200000,200000
2,200000,1,0,3,early_exit,27.265,200000,200000,200000
2,200000,1,0,3,set,20.335835,200000,200000,200000
2,200000,1,0,4,full_scan,26.88125,200000,200000,200000
2,200000,1,0,4,early_exit,27.210625,200000,200000,200000
2,200000,1,0,4,set,20.28104,200000,200000,200000
2,200000,1,0,5,early_exit,27.12125,200000,200000,200000
2,200000,1,0,5,full_scan,26.7975,200000,200000,200000
2,200000,1,0,5,set,22.33375,200000,200000,200000
2,200000,1,0,6,early_exit,27.61771,200000,200000,200000
2,200000,1,0,6,set,20.19729,200000,200000,200000
2,200000,1,0,6,full_scan,26.98229,200000,200000,200000
2,200000,1,0.5,0,full_scan,36.75458,100000,100000,109501
2,200000,1,0.5,0,set,35.333335,100000,100000,200000
2,200000,1,0.5,0,early_exit,37.39833,100000,100000,109501
2,200000,1,0.5,1,full_scan,36.77479,100000,100000,109501
2,200000,1,0.5,1,early_exit,37.220625,100000,100000,109501
2,200000,1,0.5,1,set,34.85417,100000,100000,200000
2,200000,1,0.5,2,early_exit,36.83625,100000,100000,109501
2,200000,1,0.5,2,full_scan,36.83625,100000,100000,109501
2,200000,1,0.5,2,set,35.19875,100000,100000,200000
2,200000,1,0.5,3,set,35.265,100000,100000,200000
2,200000,1,0.5,3,early_exit,37.39875,100000,100000,109501
2,200000,1,0.5,3,full_scan,36.85646,100000,100000,109501
2,200000,1,0.5,4,set,35.193125,100000,100000,200000
2,200000,1,0.5,4,early_exit,37.614585,100000,100000,109501
2,200000,1,0.5,4,full_scan,36.960205,100000,100000,109501
2,200000,1,0.5,5,early_exit,37.651665,100000,100000,109501
2,200000,1,0.5,5,set,34.89667,100000,100000,200000
2,200000,1,0.5,5,full_scan,36.49146,100000,100000,109501
2,200000,1,0.5,6,full_scan,36.53833,100000,100000,109501
2,200000,1,0.5,6,set,35.038955,100000,100000,200000
2,200000,1,0.5,6,early_exit,37.30854,100000,100000,109501
2,200000,1,0.9,0,early_exit,19.91021,20000,20000,37079
2,200000,1,0.9,0,set,30.82,20000,20000,200000
2,200000,1,0.9,0,full_scan,20.41625,20000,20000,37079
2,200000,1,0.9,1,set,30.41875,20000,20000,200000
2,200000,1,0.9,1,early_exit,20.290835,20000,20000,37079
2,200000,1,0.9,1,full_scan,20.463955,20000,20000,37079
2,200000,1,0.9,2,set,31.00521,20000,20000,200000
2,200000,1,0.9,2,full_scan,20.11896,20000,20000,37079
2,200000,1,0.9,2,early_exit,20.078125,20000,20000,37079
2,200000,1,0.9,3,set,30.50521,20000,20000,200000
2,200000,1,0.9,3,early_exit,20.127915,20000,20000,37079
2,200000,1,0.9,3,full_scan,20.528125,20000,20000,37079
2,200000,1,0.9,4,full_scan,20.175415,20000,20000,37079
2,200000,1,0.9,4,early_exit,20.31771,20000,20000,37079
2,200000,1,0.9,4,set,30.784585,20000,20000,200000
2,200000,1,0.9,5,full_scan,20.24104,20000,20000,37079
2,200000,1,0.9,5,early_exit,20.118545,20000,20000,37079
2,200000,1,0.9,5,set,30.62083,20000,20000,200000
2,200000,1,0.9,6,set,30.249165,20000,20000,200000
2,200000,1,0.9,6,full_scan,20.22875,20000,20000,37079
2,200000,1,0.9,6,early_exit,20.2725,20000,20000,37079
2,200000,1,1,0,set,29.27375,0,0,200000
2,200000,1,1,0,early_exit,10.90229,0,0,19053
2,200000,1,1,0,full_scan,11.19625,0,0,19053
2,200000,1,1,1,set,29.528335,0,0,200000
2,200000,1,1,1,early_exit,10.72292,0,0,19053
2,200000,1,1,1,full_scan,11.01,0,0,19053
2,200000,1,1,2,early_exit,10.648955,0,0,19053
2,200000,1,1,2,set,29.56042,0,0,200000
2,200000,1,1,2,full_scan,11.144165,0,0,19053
2,200000,1,1,3,set,29.0475,0,0,200000
2,200000,1,1,3,early_exit,10.97896,0,0,19053
2,200000,1,1,3,full_scan,11.100835,0,0,19053
2,200000,1,1,4,early_exit,10.86417,0,0,19053
2,200000,1,1,4,full_scan,10.975415,0,0,19053
2,200000,1,1,4,set,29.58771,0,0,200000
2,200000,1,1,5,full_scan,11.054165,0,0,19053
2,200000,1,1,5,early_exit,10.913335,0,0,19053
2,200000,1,1,5,set,29.39896,0,0,200000
2,200000,1,1,6,early_exit,10.888335,0,0,19053
2,200000,1,1,6,full_scan,11.166045,0,0,19053
2,200000,1,1,6,set,29.521455,0,0,200000
2,200000,7,0,0,set,20.1525,200000,200000,200000
2,200000,7,0,0,full_scan,50.18375,200000,200000,200000
2,200000,7,0,0,early_exit,51.43375,200000,200000,200000
2,200000,7,0,1,early_exit,55.131875,200000,200000,200000
2,200000,7,0,1,set,20.44667,200000,200000,200000
2,200000,7,0,1,full_scan,50.889375,200000,200000,200000
2,200000,7,0,2,early_exit,53.027085,200000,200000,200000
2,200000,7,0,2,set,20.176665,200000,200000,200000
2,200000,7,0,2,full_scan,50.785,200000,200000,200000
2,200000,7,0,3,full_scan,50.81646,200000,200000,200000
2,200000,7,0,3,early_exit,52.164165,200000,200000,200000
2,200000,7,0,3,set,20.14229,200000,200000,200000
2,200000,7,0,4,full_scan,52.18021,200000,200000,200000
2,200000,7,0,4,early_exit,61.823335,200000,200000,200000
2,200000,7,0,4,set,20.47417,200000,200000,200000
2,200000,7,0,5,early_exit,52.169795,200000,200000,200000
2,200000,7,0,5,full_scan,50.44208,200000,200000,200000
2,200000,7,0,5,set,20.16021,200000,200000,200000
2,200000,7,0,6,early_exit,52.75146,200000,200000,200000
2,200000,7,0,6,set,20.351875,200000,200000,200000
2,200000,7,0,6,full_scan,51.034375,200000,200000,200000
2,200000,7,0.5,0,full_scan,56.73125,100000,100000,100827
2,200000,7,0.5,0,set,35.615,100000,100000,200000
2,200000,7,0.5,0,early_exit,48.636875,100000,100000,100827
2,200000,7,0.5,1,full_scan,56.28458,100000,100000,100827
2,200000,7,0.5,1,early_exit,48.33521,100000,100000,100827
2,200000,7,0.5,1,set,35.51021,100000,100000,200000
2,200000,7,0.5,2,early_exit,48.126875,100000,100000,100827
2,200000,7,0.5,2,full_scan,56.19604,100000,100000,100827
2,200000,7,0.5,2,set,35.34375,100000,100000,200000
2,200000,7,0.5,3,set,35.096045,100000,100000,200000
2,200000,7,0.5,3,early_exit,48.054375,100000,100000,100827
2,200000,7,0.5,3,full_scan,56.189165,100000,100000,100827
2,200000,7,0.5,4,set,35.33292,100000,100000,200000
2,200000,7,0.5,4,early_exit,48.08271,100000,100000,100827
2,200000,7,0.5,4,full_scan,55.97854,100000,100000,100827
2,200000,7,0.5,5,early_exit,48.19458,100000,100000,100827
2,200000,7,0.5,5,set,35.205625,100000,100000,200000
2,200000,7,0.5,5,full_scan,56.00854,100000,100000,100827
2,200000,7,0.5,6,full_scan,56.035,100000,100000,100827
2,200000,7,0.5,6,set,35.122085,100000,100000,200000
2,200000,7,0.5,6,early_exit,48.31354,100000,100000,100827
2,200000,7,0.9,0,early_exit,46.685625,20000,20000,21490
2,200000,7,0.9,0,set,31.64625,20000,20000,200000
2,200000,7,0.9,0,full_scan,31.178335,20000,20000,21490
2,200000,7,0.9,1,set,30.824165,20000,20000,200000
2,200000,7,0.9,1,early_exit,46.800205,20000,20000,21490
2,200000,7,0.9,1,full_scan,30.8475,20000,20000,21490
2,200000,7,0.9,2,set,30.744375,20000,20000,200000
2,200000,7,0.9,2,full_scan,30.971875,20000,20000,21490
2,200000,7,0.9,2,early_exit,46.59354,20000,20000,21490
2,200000,7,0.9,3,set,31.334165,20000,20000,200000
2,200000,7,0.9,3,early_exit,46.064585,20000,20000,21490
2,200000,7,0.9,3,full_scan,31.085625,20000,20000,21490
2,200000,7,0.9,4,full_scan,31.126875,20000,20000,21490
2,200000,7,0.9,4,early_exit,46.605415,20000,20000,21490
2,200000,7,0.9,4,set,30.86833,20000,20000,200000
2,200000,7,0.9,5,full_scan,30.87146,20000,20000,21490
2,200000,7,0.9,5,early_exit,46.577085,20000,20000,21490
2,200000,7,0.9,5,set,30.365625,20000,20000,200000
2,200000,7,0.9,6,set,30.594375,20000,20000,200000
2,200000,7,0.9,6,full_scan,30.966875,20000,20000,21490
2,200000,7,0.9,6,early_exit,46.2225,20000,20000,21490
2,200000,7,1,0,set,29.542915,0,0,200000
2,200000,7,1,0,early_exit,42.78021,0,0,1648
2,200000,7,1,0,full_scan,23.74875,0,0,1648
2,200000,7,1,1,set,29.337295,0,0,200000
2,200000,7,1,1,early_exit,42.652295,0,0,1648
2,200000,7,1,1,full_scan,23.7425,0,0,1648
2,200000,7,1,2,early_exit,42.89979,0,0,1648
2,200000,7,1,2,set,29.517705,0,0,200000
2,200000,7,1,2,full_scan,23.575625,0,0,1648
2,200000,7,1,3,set,29.345835,0,0,200000
2,200000,7,1,3,early_exit,42.83125,0,0,1648
2,200000,7,1,3,full_scan,23.78521,0,0,1648
2,200000,7,1,4,early_exit,42.4125,0,0,1648
2,200000,7,1,4,full_scan,23.647295,0,0,1648
2,200000,7,1,4,set,29.79229,0,0,200000
2,200000,7,1,5,full_scan,23.795,0,0,1648
2,200000,7,1,5,early_exit,42.71021,0,0,1648
2,200000,7,1,5,set,29.53667,0,0,200000
2,200000,7,1,6,early_exit,42.7425,0,0,1648
2,200000,7,1,6,full_scan,23.59625,0,0,1648
2,200000,7,1,6,set,29.67375,0,0,200000
3,20000,1,0,0,early_exit,24.239585,200000,200000,200000
3,20000,1,0,0,full_scan,23.905415,200000,200000,200000
3,20000,1,0,0,set,18.428335,200000,200000,200000
3,20000,1,0,1,full_scan,24.13521,200000,200000,200000
3,20000,1,0,1,set,18.31875,200000,200000,200000
3,20000,1,0,1,early_exit,24.277085,200000,200000,200000
3,20000,1,0,2,full_scan,24.092295,200000,200000,200000
3,20000,1,0,2,early_exit,24.183125,200000,200000,200000
3,20000,1,0,2,set,18.33146,200000,200000,200000
3,20000,1,0,3,full_scan,24.008125,200000,200000,200000
3,20000,1,0,3,set,18.36625,200000,200000,200000
3,20000,1,0,3,early_exit,24.329585,200000,200000,200000
3,20000,1,0,4,early_exit,24.024585,200000,200000,200000
3,20000,1,0,4,set,18.133125,200000,200000,200000
3,20000,1,0,4,full_scan,23.982915,200000,200000,200000
3,20000,1,0,5,full_scan,23.74333,200000,200000,200000
3,20000,1,0,5,set,18.315625,200000,200000,200000
3,20000,1,0,5,early_exit,24.413955,200000,200000,200000
3,20000,1,0,6,early_exit,23.98083,200000,200000,200000
3,20000,1,0,6,set,18.10625,200000,200000,200000
3,20000,1,0,6,full_scan,24.09146,200000,200000,200000
3,20000,1,0.5,0,early_exit,34.32646,100000,100000,109648
3,20000,1,0.5,0,set,32.93083,100000,100000,200000
3,20000,1,0.5,0,full_scan,34.042085,100000,100000,109648
3,20000,1,0.5,1,full_scan,33.950835,100000,100000,109648
3,20000,1,0.5,1,early_exit,34.588955,100000,100000,109648
3,20000,1,0.5,1,set,33.042085,100000,100000,200000
3,20000,1,0.5,2,early_exit,34.016875,100000,100000,109648
3,20000,1,0.5,2,full_scan,34.218125,100000,100000,109648
3,20000,1,0.5,2,set,32.73375,100000,100000,200000
3,20000,1,0.5,3,full_scan,33.6775,100000,100000,109648
3,20000,1,0.5,3,set,32.818125,100000,100000,200000
3,20000,1,0.5,3,early_exit,34.169165,100000,100000,109648
3,20000,1,0.5,4,set,32.85625,100000,100000,200000
3,20000,1,0.5,4,full_scan,34.202915,100000,100000,109648
3,20000,1,0.5,4,early_exit,34.056875,100000,100000,109648
3,20000,1,0.5,5,full_scan,33.89604,100000,100000,109648
3,20000,1,0.5,5,early_exit,34.21333,100000,100000,109648
3,20000,1,0.5,5,set,32.923545,100000,100000,200000
3,20000,1,0.5,6,full_scan,33.750835,100000,100000,109648
3,20000,1,0.5,6,set,32.829795,100000,100000,200000
3,20000,1,0.5,6,early_exit,34.855625,100000,100000,109648
3,20000,1,0.9,0,early_exit,18.72417,20000,20000,37383
3,20000,1,0.9,0,full_scan,19.099585,20000,20000,37383
3,20000,1,0.9,0,set,28.86604,20000,20000,200000
3,20000,1,0.9,1,early_exit,18.747085,20000,20000,37383
3,20000,1,0.9,1,set,28.37479,20000,20000,200000
3,20000,1,0.9,1,full_scan,19.094165,20000,20000,37383
3,20000,1,0.9,2,full_scan,18.92771,20000,20000,37383
3,20000,1,0.9,2,set,28.88604,20000,20000,200000
3,20000,1,0.9,2,early_exit,18.781665,20000,20000,37383
3,20000,1,0.9,3,full_scan,19.028125,20000,20000,37383
3,20000,1,0.9,3,early_exit,18.688125,20000,20000,37383
3,20000,1,0.9,3,set,29.022295,20000,20000,200000
3,20000,1,0.9,4,early_exit,18.81646,20000,20000,37383
3,20000,1,0.9,4,full_scan,19.28354,20000,20000,37383
3,20000,1,0.9,4,set,28.667915,20000,20000,200000
3,20000,1,0.9,5,full_scan,18.95396,20000,20000,37383
3,20000,1,0.9,5,set,28.719585,20000,20000,200000
3,20000,1,0.9,5,early_exit,19.000415,20000,20000,37383
3,20000,1,0.9,6,early_exit,18.725835,20000,20000,37383
3,20000,1,0.9,6,set,28.453125,20000,20000,200000
3,20000,1,0.9,6,full_scan,19.06875,20000,20000,37383
3,20000,1,1,0,early_exit,10.479795,0,0,19279
3,20000,1,1,0,full_scan,10.346875,0,0,19279
3,20000,1,1,0,set,27.89625,0,0,200000
3,20000,1,1,1,early_exit,10.13375,0,0,19279
3,20000,1,1,1,full_scan,10.585,0,0,19279
3,20000,1,1,1,set,27.88646,0,0,200000
3,20000,1,1,2,early_exit,10.096875,0,0,19279
3,20000,1,1,2,set,27.778125,0,0,200000
3,20000,1,1,2,full_scan,10.403335,0,0,19279
3,20000,1,1,3,set,27.649375,0,0,200000
3,20000,1,1,3,full_scan,10.3575,0,0,19279
3,20000,1,1,3,early_exit,10.20354,0,0,19279
3,20000,1,1,4,early_exit,10.15396,0,0,19279
3,20000,1,1,4,set,27.630625,0,0,200000
3,20000,1,1,4,full_scan,10.34958,0,0,19279
3,20000,1,1,5,early_exit,10.04271,0,0,19279
3,20000,1,1,5,set,27.530835,0,0,200000
3,20000,1,1,5,full_scan,10.473955,0,0,19279
3,20000,1,1,6,set,27.448545,0,0,200000
3,20000,1,1,6,early_exit,10.124795,0,0,19279
3,20000,1,1,6,full_scan,10.23,0,0,19279
3,20000,7,0,0,early_exit,47.383125,200000,200000,200000
3,20000,7,0,0,full_scan,46.033955,200000,200000,200000
3,20000,7,0,0,set,18.92521,200000,200000,200000
3,20000,7,0,1,full_scan,46.057085,200000,200000,200000
3,20000,7,0,1,set,18.609585,200000,200000,200000
3,20000,7,0,1,early_exit,47.101455,200000,200000,200000
3,20000,7,0,2,full_scan,46.279165,200000,200000,200000
3,20000,7,0,2,early_exit,47.28479,200000,200000,200000
3,20000,7,0,2,set,18.58979,200000,200000,200000
3,20000,7,0,3,full_scan,46.197915,200000,200000,200000
3,20000,7,0,3,set,18.555415,200000,200000,200000
3,20000,7,0,3,early_exit,47.047915,200000,200000,200000
3,20000,7,0,4,early_exit,47.093335,200000,200000,200000
3,20000,7,0,4,set,18.541665,200000,200000,200000
3,20000,7,0,4,full_scan,46.629165,200000,200000,200000
3,20000,7,0,5,full_scan,46.500835,200000,200000,200000
3,20000,7,0,5,set,19.175415,200000,200000,200000
3,20000,7,0,5,early_exit,47.31146,200000,200000,200000
3,20000,7,0,6,early_exit,47.54854,200000,200000,200000
3,20000,7,0,6,set,18.76458,200000,200000,200000
3,20000,7,0,6,full_scan,46.268125,200000,200000,200000
3,20000,7,0.5,0,early_exit,44.185625,100000,100000,100780
3,20000,7,0.5,0,set,33.079165,100000,100000,200000
3,20000,7,0.5,0,full_scan,50.927085,100000,100000,100780
3,20000,7,0.5,1,full_scan,50.92979,100000,100000,100780
3,20000,7,0.5,1,early_exit,44.280205,100000,100000,100780
3,20000,7,0.5,1,set,33.159795,100000,100000,200000
3,20000,7,0.5,2,early_exit,43.72729,100000,100000,100780
3,20000,7,0.5,2,full_scan,50.723955,100000,100000,100780
3,20000,7,0.5,2,set,33.05354,100000,100000,200000
3,20000,7,0.5,3,full_scan,50.543545,100000,100000,100780
3,20000,7,0.5,3,set,32.975835,100000,100000,200000
3,20000,7,0.5,3,early_exit,44.665,100000,100000,100780
3,20000,7,0.5,4,set,60.335625,100000,100000,200000
3,20000,7,0.5,4,full_scan,50.79604,100000,100000,100780
3,20000,7,0.5,4,early_exit,44.455415,100000,100000,100780
3,20000,7,0.5,5,full_scan,51.275625,100000,100000,100780
3,20000,7,0.5,5,early_exit,43.694375,100000,100000,100780
3,20000,7,0.5,5,set,33.152085,100000,100000,200000
3,20000,7,0.5,6,full_scan,50.83604,100000,100000,100780
3,20000,7,0.5,6,set,33.199795,100000,100000,200000
3,20000,7,0.5,6,early_exit,44.29896,100000,100000,100780
3,20000,7,0.9,0,early_exit,42.328545,20000,20000,21472
3,20000,7,0.9,0,full_scan,29.128125,20000,20000,21472
3,20000,7,0.9,0,set,29.356045,20000,20000,200000
3,20000,7,0.9,1,early_exit,42.68125,20000,20000,21472
3,20000,7,0.9,1,set,28.71125,20000,20000,200000
3,20000,7,0.9,1,full_scan,29.13521,20000,20000,21472
3,20000,7,0.9,2,full_scan,29.124795,20000,20000,21472
3,20000,7,0.9,2,set,28.8025,20000,20000,200000
3,20000,7,0.9,2,early_exit,42.62625,20000,20000,21472
3,20000,7,0.9,3,full_scan,29.1925,20000,20000,21472
3,20000,7,0.9,3,early_exit,42.5825,20000,20000,21472
3,20000,7,0.9,3,set,28.80271,20000,20000,200000
3,20000,7,0.9,4,early_exit,42.419375,20000,20000,21472
3,20000,7,0.9,4,full_scan,29.48896,20000,20000,21472
3,20000,7,0.9,4,set,28.969165,20000,20000,200000
3,20000,7,0.9,5,full_scan,29.01521,20000,20000,21472
3,20000,7,0.9,5,set,28.900625,20000,20000,200000
3,20000,7,0.9,5,early_exit,42.928545,20000,20000,21472
3,20000,7,0.9,6,early_exit,42.401045,20000,20000,21472
3,20000,7,0.9,6,set,28.75354,20000,20000,200000
3,20000,7,0.9,6,full_scan,29.21875,20000,20000,21472
3,20000,7,1,0,early_exit,40.03167,0,0,1640
3,20000,7,1,0,full_scan,23.001665,0,0,1640
3,20000,7,1,0,set,28.01396,0,0,200000
3,20000,7,1,1,early_exit,39.771045,0,0,1640
3,20000,7,1,1,full_scan,23.116665,0,0,1640
3,20000,7,1,1,set,27.80896,0,0,200000
3,20000,7,1,2,early_exit,40.282915,0,0,1640
3,20000,7,1,2,set,27.961875,0,0,200000
3,20000,7,1,2,full_scan,22.840415,0,0,1640
3,20000,7,1,3,set,27.65417,0,0,200000
3,20000,7,1,3,full_scan,22.846875,0,0,1640
3,20000,7,1,3,early_exit,39.81375,0,0,1640
3,20000,7,1,4,early_exit,39.71979,0,0,1640
3,20000,7,1,4,set,27.87979,0,0,200000
3,20000,7,1,4,full_scan,22.81958,0,0,1640
3,20000,7,1,5,early_exit,40.67125,0,0,1640
3,20000,7,1,5,set,28.03958,0,0,200000
3,20000,7,1,5,full_scan,23.175,0,0,1640
3,20000,7,1,6,set,27.773545,0,0,200000
3,20000,7,1,6,early_exit,40.26,0,0,1640
3,20000,7,1,6,full_scan,23.00625,0,0,1640
3,200000,1,0,0,set,27.14979,200000,200000,200000
3,200000,1,0,0,early_exit,53.268125,200000,200000,200000
3,200000,1,0,0,full_scan,27.519585,200000,200000,200000
3,200000,1,0,1,early_exit,27.644165,200000,200000,200000
3,200000,1,0,1,set,20.658125,200000,200000,200000
3,200000,1,0,1,full_scan,27.0525,200000,200000,200000
3,200000,1,0,2,full_scan,27.303955,200000,200000,200000
3,200000,1,0,2,set,20.92708,200000,200000,200000
3,200000,1,0,2,early_exit,27.5725,200000,200000,200000
3,200000,1,0,3,full_scan,27.04604,200000,200000,200000
3,200000,1,0,3,set,20.4675,200000,200000,200000
3,200000,1,0,3,early_exit,30.40125,200000,200000,200000
3,200000,1,0,4,set,21.074375,200000,200000,200000
3,200000,1,0,4,full_scan,27.1625,200000,200000,200000
3,200000,1,0,4,early_exit,27.531665,200000,200000,200000
3,200000,1,0,5,full_scan,26.90354,200000,200000,200000
3,200000,1,0,5,set,20.695,200000,200000,200000
3,200000,1,0,5,early_exit,27.3275,200000,200000,200000
3,200000,1,0,6,set,20.130835,200000,200000,200000
3,200000,1,0,6,early_exit,26.887705,200000,200000,200000
3,200000,1,0,6,full_scan,26.720415,200000,200000,200000
3,200000,1,0.5,0,full_scan,37.18729,100000,100000,109627
3,200000,1,0.5,0,set,35.48792,100000,100000,200000
3,200000,1,0.5,0,early_exit,37.35396,100000,100000,109627
3,200000,1,0.5,1,set,35.03771,100000,100000,200000
3,200000,1,0.5,1,full_scan,37.31125,100000,100000,109627
3,200000,1,0.5,1,early_exit,37.49146,100000,100000,109627
3,200000,1,0.5,2,set,35.51958,100000,100000,200000
3,200000,1,0.5,2,full_scan,36.970625,100000,100000,109627
3,200000,1,0.5,2,early_exit,37.4975,100000,100000,109627
3,200000,1,0.5,3,set,35.485415,100000,100000,200000
3,200000,1,0.5,3,full_scan,36.731455,100000,100000,109627
3,200000,1,0.5,3,early_exit,37.55521,100000,100000,109627
3,200000,1,0.5,4,early_exit,37.223335,100000,100000,109627
3,200000,1,0.5,4,set,35.79354,100000,100000,200000
3,200000,1,0.5,4,full_scan,37.021875,100000,100000,109627
3,200000,1,0.5,5,set,35.4,100000,100000,200000
3,200000,1,0.5,5,full_scan,37.020415,100000,100000,109627
3,200000,1,0.5,5,early_exit,37.625415,100000,100000,109627
3,200000,1,0.5,6,early_exit,37.492915,100000,100000,109627
3,200000,1,0.5,6,set,35.484165,100000,100000,200000
3,200000,1,0.5,6,full_scan,37.352085,100000,100000,109627
3,200000,1,0.9,0,set,31.31979,20000,20000,200000
3,200000,1,0.9,0,early_exit,20.35875,20000,20000,37311
3,200000,1,0.9,0,full_scan,21.10604,20000,20000,37311
3,200000,1,0.9,1,full_scan,20.632085,20000,20000,37311
3,200000,1,0.9,1,early_exit,20.70521,20000,20000,37311
3,200000,1,0.9,1,set,31.296875,20000,20000,200000
3,200000,1,0.9,2,full_scan,20.644165,20000,20000,37311
3,200000,1,0.9,2,set,31.122915,20000,20000,200000
3,200000,1,0.9,2,early_exit,20.382915,20000,20000,37311
3,200000,1,0.9,3,early_exit,20.3875,20000,20000,37311
3,200000,1,0.9,3,set,31.216045,20000,20000,200000
3,200000,1,0.9,3,full_scan,20.720205,20000,20000,37311
3,200000,1,0.9,4,set,31.06,20000,20000,200000
3,200000,1,0.9,4,early_exit,20.355625,20000,20000,37311
3,200000,1,0.9,4,full_scan,20.45479,20000,20000,37311
3,200000,1,0.9,5,early_exit,20.55771,20000,20000,37311
3,200000,1,0.9,5,full_scan,22.71896,20000,20000,37311
3,200000,1,0.9,5,set,77.304795,20000,20000,200000
3,200000,1,0.9,6,set,34.77146,20000,20000,200000
3,200000,1,0.9,6,early_exit,21.30583,20000,20000,37311
3,200000,1,0.9,6,full_scan,21.25854,20000,20000,37311
3,200000,1,1,0,early_exit,10.86604,0,0,19166
3,200000,1,1,0,set,29.93,0,0,200000
3,200000,1,1,0,full_scan,11.285625,0,0,19166
3,200000,1,1,1,full_scan,11.065415,0,0,19166
3,200000,1,1,1,early_exit,10.971665,0,0,19166
3,200000,1,1,1,set,33.91292,0,0,200000
3,200000,1,1,2,full_scan,13.528335,0,0,19166
3,200000,1,1,2,set,32.57521,0,0,200000
3,200000,1,1,2,early_exit,11.31208,0,0,19166
3,200000,1,1,3,set,30.99625,0,0,200000
3,200000,1,1,3,early_exit,11.342085,0,0,19166
3,200000,1,1,3,full_scan,11.54229,0,0,19166
3,200000,1,1,4,full_scan,11.607085,0,0,19166
3,200000,1,1,4,early_exit,11.16021,0,0,19166
3,200000,1,1,4,set,32.23375,0,0,200000
3,200000,1,1,5,early_exit,11.35292,0,0,19166
3,200000,1,1,5,full_scan,11.391875,0,0,19166
3,200000,1,1,5,set,30.00583,0,0,200000
3,200000,1,1,6,full_scan,11.270835,0,0,19166
3,200000,1,1,6,early_exit,11.013335,0,0,19166
3,200000,1,1,6,set,29.7675,0,0,200000
3,200000,7,0,0,set,20.60146,200000,200000,200000
3,200000,7,0,0,early_exit,52.844375,200000,200000,200000
3,200000,7,0,0,full_scan,51.412295,200000,200000,200000
3,200000,7,0,1,early_exit,52.02854,200000,200000,200000
3,200000,7,0,1,set,20.147705,200000,200000,200000
3,200000,7,0,1,full_scan,51.22875,200000,200000,200000
3,200000,7,0,2,full_scan,51.231665,200000,200000,200000
3,200000,7,0,2,set,20.422085,200000,200000,200000
3,200000,7,0,2,early_exit,60.46875,200000,200000,200000
3,200000,7,0,3,full_scan,61.046045,200000,200000,200000
3,200000,7,0,3,set,21.3925,200000,200000,200000
3,200000,7,0,3,early_exit,54.26646,200000,200000,200000
3,200000,7,0,4,set,20.420625,200000,200000,200000
3,200000,7,0,4,full_scan,51.1475,200000,200000,200000
3,200000,7,0,4,early_exit,51.939585,200000,200000,200000
3,200000,7,0,5,full_scan,50.781875,200000,200000,200000
3,200000,7,0,5,set,20.21021,200000,200000,200000
3,200000,7,0,5,early_exit,51.71417,200000,200000,200000
3,200000,7,0,6,set,20.211455,200000,200000,200000
3,200000,7,0,6,early_exit,52.64479,200000,200000,200000
3,200000,7,0,6,full_scan,51.26,200000,200000,200000
3,200000,7,0.5,0,full_scan,55.885835,100000,100000,100813
3,200000,7,0.5,0,set,35.41625,100000,100000,200000
3,200000,7,0.5,0,early_exit,47.910625,100000,100000,100813
3,200000,7,0.5,1,set,35.094375,100000,100000,200000
3,200000,7,0.5,1,full_scan,55.967705,100000,100000,100813
3,200000,7,0.5,1,early_exit,48.15583,100000,100000,100813
3,200000,7,0.5,2,set,35.83271,100000,100000,200000
3,200000,7,0.5,2,full_scan,58.06646,100000,100000,100813
3,200000,7,0.5,2,early_exit,49.622915,100000,100000,100813
3,200000,7,0.5,3,set,35.633125,100000,100000,200000
3,200000,7,0.5,3,full_scan,57.85375,100000,100000,100813
3,200000,7,0.5,3,early_exit,49.266455,100000,100000,100813
3,200000,7,0.5,4,early_exit,48.97625,100000,100000,100813
3,200000,7,0.5,4,set,35.47042,100000,100000,200000
3,200000,7,0.5,4,full_scan,55.79604,100000,100000,100813
3,200000,7,0.5,5,set,35.643335,100000,100000,200000
3,200000,7,0.5,5,full_scan,56.953955,100000,100000,100813
3,200000,7,0.5,5,early_exit,49.634375,100000,100000,100813
3,200000,7,0.5,6,early_exit,48.931875,100000,100000,100813
3,200000,7,0.5,6,set,36.283125,100000,100000,200000
3,200000,7,0.5,6,full_scan,56.60521,100000,100000,100813
3,200000,7,0.9,0,set,30.91625,20000,20000,200000
3,200000,7,0.9,0,early_exit,46.45854,20000,20000,21411
3,200000,7,0.9,0,full_scan,30.989585,20000,20000,21411
3,200000,7,0.9,1,full_scan,30.76625,20000,20000,21411
3,200000,7,0.9,1,early_exit,46.44375,20000,20000,21411
3,200000,7,0.9,1,set,31.79417,20000,20000,200000
3,200000,7,0.9,2,full_scan,68.583545,20000,20000,21411
3,200000,7,0.9,2,set,43.957915,20000,20000,200000
3,200000,7,0.9,2,early_exit,52.724585,20000,20000,21411
3,200000,7,0.9,3,early_exit,66.437295,20000,20000,21411
3,200000,7,0.9,3,set,47.60354,20000,20000,200000
3,200000,7,0.9,3,full_scan,34.01708,20000,20000,21411
3,200000,7,0.9,4,set,31.89146,20000,20000,200000
3,200000,7,0.9,4,early_exit,46.68146,20000,20000,21411
3,200000,7,0.9,4,full_scan,31.277705,20000,20000,21411
3,200000,7,0.9,5,early_exit,46.563335,20000,20000,21411
3,200000,7,0.9,5,full_scan,30.976875,20000,20000,21411
3,200000,7,0.9,5,set,31.92521,20000,20000,200000
3,200000,7,0.9,6,set,30.595625,20000,20000,200000
3,200000,7,0.9,6,early_exit,46.05896,20000,20000,21411
3,200000,7,0.9,6,full_scan,30.734165,20000,20000,21411
3,200000,7,1,0,early_exit,42.52625,0,0,1562
3,200000,7,1,0,set,29.680205,0,0,200000
3,200000,7,1,0,full_scan,23.76833,0,0,1562
3,200000,7,1,1,full_scan,23.733125,0,0,1562
3,200000,7,1,1,early_exit,42.868335,0,0,1562
3,200000,7,1,1,set,29.576045,0,0,200000
3,200000,7,1,2,full_scan,23.606875,0,0,1562
3,200000,7,1,2,set,29.232915,0,0,200000
3,200000,7,1,2,early_exit,43.13979,0,0,1562
3,200000,7,1,3,set,29.811665,0,0,200000
3,200000,7,1,3,early_exit,42.52646,0,0,1562
3,200000,7,1,3,full_scan,23.625,0,0,1562
3,200000,7,1,4,full_scan,23.679375,0,0,1562
3,200000,7,1,4,early_exit,42.58729,0,0,1562
3,200000,7,1,4,set,33.689165,0,0,200000
3,200000,7,1,5,early_exit,42.787705,0,0,1562
3,200000,7,1,5,full_scan,23.679585,0,0,1562
3,200000,7,1,5,set,30.700625,0,0,200000
3,200000,7,1,6,full_scan,23.780205,0,0,1562
3,200000,7,1,6,early_exit,42.537705,0,0,1562
3,200000,7,1,6,set,30.473335,0,0,200000
4,20000,1,0,0,set,19.018335,200000,200000,200000
4,20000,1,0,0,full_scan,24.75479,200000,200000,200000
4,20000,1,0,0,early_exit,25.116875,200000,200000,200000
4,20000,1,0,1,full_scan,24.45021,200000,200000,200000
4,20000,1,0,1,early_exit,24.890625,200000,200000,200000
4,20000,1,0,1,set,18.9225,200000,200000,200000
4,20000,1,0,2,early_exit,25.283335,200000,200000,200000
4,20000,1,0,2,set,19.06042,200000,200000,200000
4,20000,1,0,2,full_scan,24.925625,200000,200000,200000
4,20000,1,0,3,set,19.30208,200000,200000,200000
4,20000,1,0,3,early_exit,25.51958,200000,200000,200000
4,20000,1,0,3,full_scan,24.882915,200000,200000,200000
4,20000,1,0,4,early_exit,25.331665,200000,200000,200000
4,20000,1,0,4,set,19.04333,200000,200000,200000
4,20000,1,0,4,full_scan,24.923125,200000,200000,200000
4,20000,1,0,5,set,18.937915,200000,200000,200000
4,20000,1,0,5,early_exit,25.061875,200000,200000,200000
4,20000,1,0,5,full_scan,24.456045,200000,200000,200000
4,20000,1,0,6,full_scan,24.26667,200000,200000,200000
4,20000,1,0,6,set,18.975835,200000,200000,200000
4,20000,1,0,6,early_exit,25.09396,200000,200000,200000
4,20000,1,0.5,0,early_exit,34.592295,100000,100000,109343
4,20000,1,0.5,0,set,33.028125,100000,100000,200000
4,20000,1,0.5,0,full_scan,34.379585,100000,100000,109343
4,20000,1,0.5,1,set,32.924585,100000,100000,200000
4,20000,1,0.5,1,full_scan,34.298125,100000,100000,109343
4,20000,1,0.5,1,early_exit,35.121875,100000,100000,109343
4,20000,1,0.5,2,full_scan,34.417705,100000,100000,109343
4,20000,1,0.5,2,set,33.648125,100000,100000,200000
4,20000,1,0.5,2,early_exit,34.69521,100000,100000,109343
4,20000,1,0.5,3,set,33.70917,100000,100000,200000
4,20000,1,0.5,3,early_exit,34.11104,100000,100000,109343
4,20000,1,0.5,3,full_scan,34.21,100000,100000,109343
4,20000,1,0.5,4,set,33.177705,100000,100000,200000
4,20000,1,0.5,4,full_scan,33.81375,100000,100000,109343
4,20000,1,0.5,4,early_exit,34.32646,100000,100000,109343
4,20000,1,0.5,5,early_exit,34.70625,100000,100000,109343
4,20000,1,0.5,5,full_scan,34.556875,100000,100000,109343
4,20000,1,0.5,5,set,33.769585,100000,100000,200000
4,20000,1,0.5,6,full_scan,34.04354,100000,100000,109343
4,20000,1,0.5,6,early_exit,35.20979,100000,100000,109343
4,20000,1,0.5,6,set,33.608125,100000,100000,200000
4,20000,1,0.9,0,early_exit,18.493545,20000,20000,37063
4,20000,1,0.9,0,full_scan,19.150625,20000,20000,37063
4,20000,1,0.9,0,set,29.25646,20000,20000,200000
4,20000,1,0.9,1,set,28.962915,20000,20000,200000
4,20000,1,0.9,1,full_scan,19.01708,20000,20000,37063
4,20000,1,0.9,1,early_exit,18.778545,20000,20000,37063
4,20000,1,0.9,2,set,29.139375,20000,20000,200000
4,20000,1,0.9,2,early_exit,18.69292,20000,20000,37063
4,20000,1,0.9,2,full_scan,19.187295,20000,20000,37063
4,20000,1,0.9,3,early_exit,18.671875,20000,20000,37063
4,20000,1,0.9,3,set,29.207085,20000,20000,200000
4,20000,1,0.9,3,full_scan,19.11146,20000,20000,37063
4,20000,1,0.9,4,full_scan,19.070415,20000,20000,37063
4,20000,1,0.9,4,early_exit,18.653125,20000,20000,37063
4,20000,1,0.9,4,set,29.676045,20000,20000,200000
4,20000,1,0.9,5,set,29.73854,20000,20000,200000
4,20000,1,0.9,5,early_exit,18.91458,20000,20000,37063
4,20000,1,0.9,5,full_scan,19.537085,20000,20000,37063
4,20000,1,0.9,6,set,29.293125,20000,20000,200000
4,20000,1,0.9,6,early_exit,18.870415,20000,20000,37063
4,20000,1,0.9,6,full_scan,19.03604,20000,20000,37063
4,20000,1,1,0,set,27.924375,0,0,200000
4,20000,1,1,0,early_exit,10.225415,0,0,18989
4,20000,1,1,0,full_scan,10.48167,0,0,18989
4,20000,1,1,1,set,28.129585,0,0,200000
4,20000,1,1,1,early_exit,10.154585,0,0,18989
4,20000,1,1,1,full_scan,10.394585,0,0,18989
4,20000,1,1,2,early_exit,10.11354,0,0,18989
4,20000,1,1,2,set,28.0375,0,0,200000
4,20000,1,1,2,full_scan,10.38646,0,0,18989
4,20000,1,1,3,full_scan,10.37854,0,0,18989
4,20000,1,1,3,early_exit,10.180835,0,0,18989
4,20000,1,1,3,set,28.05667,0,0,200000
4,20000,1,1,4,early_exit,10.17479,0,0,18989
4,20000,1,1,4,set,27.92125,0,0,200000
4,20000,1,1,4,full_scan,10.38875,0,0,18989
4,20000,1,1,5,early_exit,10.14646,0,0,18989
4,20000,1,1,5,full_scan,10.42729,0,0,18989
4,20000,1,1,5,set,28.01229,0,0,200000
4,20000,1,1,6,early_exit,10.16021,0,0,18989
4,20000,1,1,6,set,27.88104,0,0,200000
4,20000,1,1,6,full_scan,10.523955,0,0,18989
4,20000,7,0,0,set,18.938125,200000,200000,200000
4,20000,7,0,0,full_scan,46.65729,200000,200000,200000
4,20000,7,0,0,early_exit,47.897915,200000,200000,200000
4,20000,7,0,1,full_scan,47.044375,200000,200000,200000
4,20000,7,0,1,early_exit,48.26292,200000,200000,200000
4,20000,7,0,1,set,19.220625,200000,200000,200000
4,20000,7,0,2,early_exit,47.937915,200000,200000,200000
4,20000,7,0,2,set,18.903955,200000,200000,200000
4,20000,7,0,2,full_scan,46.79729,200000,200000,200000
4,20000,7,0,3,set,18.935625,200000,200000,200000
4,20000,7,0,3,early_exit,48.24521,200000,200000,200000
4,20000,7,0,3,full_scan,46.995835,200000,200000,200000
4,20000,7,0,4,early_exit,48.08104,200000,200000,200000
4,20000,7,0,4,set,18.88,200000,200000,200000
4,20000,7,0,4,full_scan,46.82771,200000,200000,200000
4,20000,7,0,5,set,18.9725,200000,200000,200000
4,20000,7,0,5,early_exit,48.287915,200000,200000,200000
4,20000,7,0,5,full_scan,46.6425,200000,200000,200000
4,20000,7,0,6,full_scan,46.88479,200000,200000,200000
4,20000,7,0,6,set,19.34354,200000,200000,200000
4,20000,7,0,6,early_exit,72.87479,200000,200000,200000
4,20000,7,0.5,0,early_exit,44.26396,100000,100000,100803
4,20000,7,0.5,0,set,33.76125,100000,100000,200000
4,20000,7,0.5,0,full_scan,50.70042,100000,100000,100803
4,20000,7,0.5,1,set,35.42896,100000,100000,200000
4,20000,7,0.5,1,full_scan,51.043125,100000,100000,100803
4,20000,7,0.5,1,early_exit,44.40625,100000,100000,100803
4,20000,7,0.5,2,full_scan,50.971665,100000,100000,100803
4,20000,7,0.5,2,set,33.269165,100000,100000,200000
4,20000,7,0.5,2,early_exit,44.26021,100000,100000,100803
4,20000,7,0.5,3,set,33.134375,100000,100000,200000
4,20000,7,0.5,3,early_exit,43.98104,100000,100000,100803
4,20000,7,0.5,3,full_scan,51.33125,100000,100000,100803
4,20000,7,0.5,4,set,33.399375,100000,100000,200000
4,20000,7,0.5,4,full_scan,50.68958,100000,100000,100803
4,20000,7,0.5,4,early_exit,44.481665,100000,100000,100803
4,20000,7,0.5,5,early_exit,44.20229,100000,100000,100803
4,20000,7,0.5,5,full_scan,51.391665,100000,100000,100803
4,20000,7,0.5,5,set,33.438125,100000,100000,200000
4,20000,7,0.5,6,full_scan,50.96875,100000,100000,100803
4,20000,7,0.5,6,early_exit,44.70667,100000,100000,100803
4,20000,7,0.5,6,set,33.31125,100000,100000,200000
4,20000,7,0.9,0,early_exit,43.181665,20000,20000,21477
4,20000,7,0.9,0,full_scan,29.808335,20000,20000,21477
4,20000,7,0.9,0,set,30.465835,20000,20000,200000
4,20000,7,0.9,1,set,29.45958,20000,20000,200000
4,20000,7,0.9,1,full_scan,29.455625,20000,20000,21477
4,20000,7,0.9,1,early_exit,43.04583,20000,20000,21477
4,20000,7,0.9,2,set,29.35271,20000,20000,200000
4,20000,7,0.9,2,early_exit,42.597085,20000,20000,21477
4,20000,7,0.9,2,full_scan,29.34917,20000,20000,21477
4,20000,7,0.9,3,early_exit,43.030625,20000,20000,21477
4,20000,7,0.9,3,set,28.9,20000,20000,200000
4,20000,7,0.9,3,full_scan,29.096045,20000,20000,21477
4,20000,7,0.9,4,full_scan,29.171875,20000,20000,21477
4,20000,7,0.9,4,early_exit,42.733335,20000,20000,21477
4,20000,7,0.9,4,set,30.204375,20000,20000,200000
4,20000,7,0.9,5,set,29.049165,20000,20000,200000
4,20000,7,0.9,5,early_exit,42.22125,20000,20000,21477
4,20000,7,0.9,5,full_scan,29.210625,20000,20000,21477
4,20000,7,0.9,6,set,29.523335,20000,20000,200000
4,20000,7,0.9,6,early_exit,42.849165,20000,20000,21477
4,20000,7,0.9,6,full_scan,29.376875,20000,20000,21477
4,20000,7,1,0,set,27.804165,0,0,200000
4,20000,7,1,0,early_exit,40.06708,0,0,1650
4,20000,7,1,0,full_scan,22.79583,0,0,1650
4,20000,7,1,1,set,27.757085,0,0,200000
4,20000,7,1,1,early_exit,40.63229,0,0,1650
4,20000,7,1,1,full_scan,22.93354,0,0,1650
4,20000,7,1,2,early_exit,40.19,0,0,1650
4,20000,7,1,2,set,28.65417,0,0,200000
4,20000,7,1,2,full_scan,23.01375,0,0,1650
4,20000,7,1,3,full_scan,22.949585,0,0,1650
4,20000,7,1,3,early_exit,39.851665,0,0,1650
4,20000,7,1,3,set,28.044795,0,0,200000
4,20000,7,1,4,early_exit,39.6675,0,0,1650
4,20000,7,1,4,set,28.071665,0,0,200000
4,20000,7,1,4,full_scan,22.98604,0,0,1650
4,20000,7,1,5,early_exit,40.04,0,0,1650
4,20000,7,1,5,full_scan,22.893125,0,0,1650
4,20000,7,1,5,set,27.6975,0,0,200000
4,20000,7,1,6,early_exit,39.676875,0,0,1650
4,20000,7,1,6,set,27.91708,0,0,200000
4,20000,7,1,6,full_scan,23.06,0,0,1650
4,200000,1,0,0,early_exit,27.66646,200000,200000,200000
4,200000,1,0,0,full_scan,26.62021,200000,200000,200000
4,200000,1,0,0,set,20.574585,200000,200000,200000
4,200000,1,0,1,set,20.261455,200000,200000,200000
4,200000,1,0,1,full_scan,26.94771,200000,200000,200000
4,200000,1,0,1,early_exit,27.3075,200000,200000,200000
4,200000,1,0,2,full_scan,26.437295,200000,200000,200000
4,200000,1,0,2,set,20.38625,200000,200000,200000
4,200000,1,0,2,early_exit,27.62104,200000,200000,200000
4,200000,1,0,3,full_scan,26.783125,200000,200000,200000
4,200000,1,0,3,set,20.380625,200000,200000,200000
4,200000,1,0,3,early_exit,27.265,200000,200000,200000
4,200000,1,0,4,set,20.120415,200000,200000,200000
4,200000,1,0,4,full_scan,26.67875,200000,200000,200000
4,200000,1,0,4,early_exit,27.57396,200000,200000,200000
4,200000,1,0,5,full_scan,26.580625,200000,200000,200000
4,200000,1,0,5,early_exit,27.11021,200000,200000,200000
4,200000,1,0,5,set,20.552295,200000,200000,200000
4,200000,1,0,6,early_exit,27.33875,200000,200000,200000
4,200000,1,0,6,full_scan,26.80125,200000,200000,200000
4,200000,1,0,6,set,20.44875,200000,200000,200000
4,200000,1,0.5,0,early_exit,37.6125,100000,100000,109449
4,200000,1,0.5,0,set,35.13875,100000,100000,200000
4,200000,1,0.5,0,full_scan,37.11021,100000,100000,109449
4,200000,1,0.5,1,set,34.90458,100000,100000,200000
4,200000,1,0.5,1,full_scan,37.533125,100000,100000,109449
4,200000,1,0.5,1,early_exit,37.386665,100000,100000,109449
4,200000,1,0.5,2,early_exit,37.445415,100000,100000,109449
4,200000,1,0.5,2,full_scan,37.26854,100000,100000,109449
4,200000,1,0.5,2,set,35.280625,100000,100000,200000
4,200000,1,0.5,3,set,35.20792,100000,100000,200000
4,200000,1,0.5,3,early_exit,37.520415,100000,100000,109449
4,200000,1,0.5,3,full_scan,37.377085,100000,100000,109449
4,200000,1,0.5,4,set,34.973545,100000,100000,200000
4,200000,1,0.5,4,early_exit,37.54271,100000,100000,109449
4,200000,1,0.5,4,full_scan,37.200625,100000,100000,109449
4,200000,1,0.5,5,early_exit,37.77479,100000,100000,109449
4,200000,1,0.5,5,set,35.198125,100000,100000,200000
4,200000,1,0.5,5,full_scan,37.322085,100000,100000,109449
4,200000,1,0.5,6,set,35.273125,100000,100000,200000
4,200000,1,0.5,6,full_scan,37.49396,100000,100000,109449
4,200000,1,0.5,6,early_exit,37.656875,100000,100000,109449
4,200000,1,0.9,0,early_exit,20.245835,20000,20000,37069
4,200000,1,0.9,0,full_scan,20.40021,20000,20000,37069
4,200000,1,0.9,0,set,31.3525,20000,20000,200000
4,200000,1,0.9,1,early_exit,20.635625,20000,20000,37069
4,200000,1,0.9,1,set,31.00146,20000,20000,200000
4,200000,1,0.9,1,full_scan,20.730625,20000,20000,37069
4,200000,1,0.9,2,set,31.214585,20000,20000,200000
4,200000,1,0.9,2,early_exit,20.480835,20000,20000,37069
4,200000,1,0.9,2,full_scan,20.38458,20000,20000,37069
4,200000,1,0.9,3,set,32.19125,20000,20000,200000
4,200000,1,0.9,3,early_exit,20.39917,20000,20000,37069
4,200000,1,0.9,3,full_scan,20.75354,20000,20000,37069
4,200000,1,0.9,4,full_scan,20.391455,20000,20000,37069
4,200000,1,0.9,4,early_exit,20.34125,20000,20000,37069
4,200000,1,0.9,4,set,31.255415,20000,20000,200000
4,200000,1,0.9,5,full_scan,20.70875,20000,20000,37069
4,200000,1,0.9,5,set,30.815205,20000,20000,200000
4,200000,1,0.9,5,early_exit,21.417915,20000,20000,37069
4,200000,1,0.9,6,early_exit,20.55021,20000,20000,37069
4,200000,1,0.9,6,full_scan,20.83875,20000,20000,37069
4,200000,1,0.9,6,set,32.62521,20000,20000,200000
4,200000,1,1,0,early_exit,11.004165,0,0,18942
4,200000,1,1,0,set,29.62354,0,0,200000
4,200000,1,1,0,full_scan,11.325,0,0,18942
4,200000,1,1,1,full_scan,11.07229,0,0,18942
4,200000,1,1,1,early_exit,10.91375,0,0,18942
4,200000,1,1,1,set,29.648125,0,0,200000
4,200000,1,1,2,full_scan,11.099375,0,0,18942
4,200000,1,1,2,set,29.475415,0,0,200000
4,200000,1,1,2,early_exit,10.929795,0,0,18942
4,200000,1,1,3,early_exit,10.86,0,0,18942
4,200000,1,1,3,set,29.540415,0,0,200000
4,200000,1,1,3,full_scan,13.36875,0,0,18942
4,200000,1,1,4,early_exit,11.0825,0,0,18942
4,200000,1,1,4,full_scan,11.328125,0,0,18942
4,200000,1,1,4,set,30.06958,0,0,200000
4,200000,1,1,5,early_exit,10.873335,0,0,18942
4,200000,1,1,5,full_scan,11.129375,0,0,18942
4,200000,1,1,5,set,30.131665,0,0,200000
4,200000,1,1,6,set,29.862915,0,0,200000
4,200000,1,1,6,early_exit,11.062915,0,0,18942
4,200000,1,1,6,full_scan,11.34875,0,0,18942
4,200000,7,0,0,early_exit,51.875415,200000,200000,200000
4,200000,7,0,0,full_scan,51.32646,200000,200000,200000
4,200000,7,0,0,set,20.533335,200000,200000,200000
4,200000,7,0,1,set,20.199375,200000,200000,200000
4,200000,7,0,1,full_scan,50.91396,200000,200000,200000
4,200000,7,0,1,early_exit,52.076455,200000,200000,200000
4,200000,7,0,2,full_scan,51.63646,200000,200000,200000
4,200000,7,0,2,set,20.723125,200000,200000,200000
4,200000,7,0,2,early_exit,52.556665,200000,200000,200000
4,200000,7,0,3,full_scan,56.958335,200000,200000,200000
4,200000,7,0,3,set,21.78792,200000,200000,200000
4,200000,7,0,3,early_exit,55.951045,200000,200000,200000
4,200000,7,0,4,set,20.4675,200000,200000,200000
4,200000,7,0,4,full_scan,52.600835,200000,200000,200000
4,200000,7,0,4,early_exit,53.871665,200000,200000,200000
4,200000,7,0,5,full_scan,51.5425,200000,200000,200000
4,200000,7,0,5,early_exit,54.07604,200000,200000,200000
4,200000,7,0,5,set,20.67271,200000,200000,200000
4,200000,7,0,6,early_exit,53.017085,200000,200000,200000
4,200000,7,0,6,full_scan,51.5075,200000,200000,200000
4,200000,7,0,6,set,20.57104,200000,200000,200000
4,200000,7,0.5,0,early_exit,48.412705,100000,100000,100810
4,200000,7,0.5,0,set,34.865,100000,100000,200000
4,200000,7,0.5,0,full_scan,56.235,100000,100000,100810
4,200000,7,0.5,1,set,35.53333,100000,100000,200000
4,200000,7,0.5,1,full_scan,56.327085,100000,100000,100810
4,200000,7,0.5,1,early_exit,48.59083,100000,100000,100810
4,200000,7,0.5,2,early_exit,47.8775,100000,100000,100810
4,200000,7,0.5,2,full_scan,55.933335,100000,100000,100810
4,200000,7,0.5,2,set,35.42875,100000,100000,200000
4,200000,7,0.5,3,set,35.490625,100000,100000,200000
4,200000,7,0.5,3,early_exit,49.074165,100000,100000,100810
4,200000,7,0.5,3,full_scan,58.41229,100000,100000,100810
4,200000,7,0.5,4,set,36.4375,100000,100000,200000
4,200000,7,0.5,4,early_exit,49.498545,100000,100000,100810
4,200000,7,0.5,4,full_scan,56.74875,100000,100000,100810
4,200000,7,0.5,5,early_exit,50.516045,100000,100000,100810
4,200000,7,0.5,5,set,36.649375,100000,100000,200000
4,200000,7,0.5,5,full_scan,57.221455,100000,100000,100810
4,200000,7,0.5,6,set,35.78375,100000,100000,200000
4,200000,7,0.5,6,full_scan,57.883545,100000,100000,100810
4,200000,7,0.5,6,early_exit,48.506455,100000,100000,100810
4,200000,7,0.9,0,early_exit,46.927915,20000,20000,21506
4,200000,7,0.9,0,full_scan,30.97875,20000,20000,21506
4,200000,7,0.9,0,set,31.921665,20000,20000,200000
4,200000,7,0.9,1,early_exit,46.54583,20000,20000,21506
4,200000,7,0.9,1,set,30.57979,20000,20000,200000
4,200000,7,0.9,1,full_scan,31.10375,20000,20000,21506
4,200000,7,0.9,2,set,30.82125,20000,20000,200000
4,200000,7,0.9,2,early_exit,46.835415,20000,20000,21506
4,200000,7,0.9,2,full_scan,30.873335,20000,20000,21506
4,200000,7,0.9,3,set,30.901665,20000,20000,200000
4,200000,7,0.9,3,early_exit,46.990415,20000,20000,21506
4,200000,7,0.9,3,full_scan,31.23604,20000,20000,21506
4,200000,7,0.9,4,full_scan,31.07833,20000,20000,21506
4,200000,7,0.9,4,early_exit,46.73396,20000,20000,21506
4,200000,7,0.9,4,set,32.865,20000,20000,200000
4,200000,7,0.9,5,full_scan,31.469585,20000,20000,21506
4,200000,7,0.9,5,set,31.83917,20000,20000,200000
4,200000,7,0.9,5,early_exit,46.663125,20000,20000,21506
4,200000,7,0.9,6,early_exit,47.6125,20000,20000,21506
4,200000,7,0.9,6,full_scan,31.396875,20000,20000,21506
4,200000,7,0.9,6,set,33.825,20000,20000,200000
4,200000,7,1,0,early_exit,43.401875,0,0,1690
4,200000,7,1,0,set,31.02646,0,0,200000
4,200000,7,1,0,full_scan,24.177915,0,0,1690
4,200000,7,1,1,full_scan,23.915205,0,0,1690
4,200000,7,1,1,early_exit,43.434795,0,0,1690
4,200000,7,1,1,set,30.682915,0,0,200000
4,200000,7,1,2,full_scan,24.02979,0,0,1690
4,200000,7,1,2,set,29.184585,0,0,200000
4,200000,7,1,2,early_exit,42.83625,0,0,1690
4,200000,7,1,3,early_exit,42.410625,0,0,1690
4,200000,7,1,3,set,29.63833,0,0,200000
4,200000,7,1,3,full_scan,23.64375,0,0,1690
4,200000,7,1,4,early_exit,42.723335,0,0,1690
4,200000,7,1,4,full_scan,23.61646,0,0,1690
4,200000,7,1,4,set,29.68771,0,0,200000
4,200000,7,1,5,early_exit,43.194375,0,0,1690
4,200000,7,1,5,full_scan,23.740415,0,0,1690
4,200000,7,1,5,set,30.222705,0,0,200000
4,200000,7,1,6,set,29.37417,0,0,200000
4,200000,7,1,6,early_exit,42.638335,0,0,1690
4,200000,7,1,6,full_scan,23.62417,0,0,1690
